content,source,rating,date,sentiment_label,sentiment_score,category,priority_score
video not cliyar,google_play,1,2026-02-23 15:28:32,neutral,0.0,Other,0.0
a very good app,google_play,4,2026-02-22 15:28:21,positive,0.4927,Other,0.0
I love it,google_play,5,2026-02-21 15:28:19,positive,0.6369,Other,0.0
Good üëç,google_play,5,2026-02-20 15:28:11,positive,0.4404,Other,0.0
sorry üòå,google_play,5,2026-02-19 15:28:04,negative,-0.0772,Other,2795.15
can't save contact in WhatsApp. and whatsapp contact not synchronizing with phone contact. i think after mew WhatsApp update,google_play,1,2026-02-18 15:27:39,negative,-0.3875,Other,2814.8
when uploading status videos. It shows the video blurry after being uploaded* although I set everything on HD quality,google_play,3,2026-02-17 15:27:32,negative,-0.1027,Performance,57.3
this app is best compare to other appsüëç,google_play,5,2026-02-23 15:27:28,positive,0.6369,Other,0.0
good,google_play,4,2026-02-22 15:27:26,positive,0.4404,Other,0.0
excellentüíØ,google_play,5,2026-02-21 15:27:25,neutral,0.0,Other,0.0
This app is really good,google_play,5,2026-02-20 15:27:16,positive,0.4927,Other,0.0
it's been a great experience using the app üòãüòã,google_play,5,2026-02-19 15:27:16,positive,0.6249,Other,0.0
gud,google_play,5,2026-02-18 15:27:09,neutral,0.0,Other,0.0
good,google_play,5,2026-02-17 15:26:39,positive,0.4404,Other,0.0
good,google_play,5,2026-02-23 15:26:34,positive,0.4404,Other,0.0
I LOVE THIS APP,google_play,5,2026-02-22 15:26:29,positive,0.6369,Other,0.0
it's awesome üëå,google_play,5,2026-02-21 15:26:23,positive,0.6249,Other,0.0
easier and faster,google_play,5,2026-02-20 15:26:22,positive,0.4215,Performance,0.0
it's good,google_play,5,2026-02-19 15:26:22,positive,0.4404,Other,0.0
call recording,google_play,5,2026-02-18 15:26:20,neutral,0.0,Other,0.0
üíûüíû,google_play,5,2026-02-17 15:26:16,neutral,0.0,Other,0.0
Saya suka versi WhatsApp yg terkini dan memudahkan saya dlm berinteraksi bersama keluarga dan kawan-kawan..,google_play,5,2026-02-23 15:26:09,neutral,0.0,Other,0.0
very good app,google_play,5,2026-02-22 15:26:03,positive,0.4927,Other,0.0
good,google_play,5,2026-02-21 15:26:01,positive,0.4404,Other,0.0
very good,google_play,5,2026-02-20 15:25:44,positive,0.4927,Other,0.0
Best suitable APP,google_play,5,2026-02-19 15:25:43,positive,0.6369,UI/UX,0.0
nice,google_play,5,2026-02-18 15:25:27,positive,0.4215,Other,0.0
it is good network,google_play,5,2026-02-17 15:25:23,positive,0.4404,Other,0.0
Nic,google_play,5,2026-02-23 15:25:21,neutral,0.0,Other,0.0
best app,google_play,5,2026-02-22 15:25:17,positive,0.6369,Other,0.0
Good,google_play,5,2026-02-21 15:25:17,positive,0.4404,Other,0.0
will not reinstall for me,google_play,2,2026-02-20 15:24:46,neutral,0.0,Other,0.0
"Bad! not sure whose brain was behind bringing the idea of a short limited 'about' section. Making it timed was still understandable but bringing a limit to the number of words has really spoiled it for me. I'll use less of WhatsApp because of this. It isn't a rocket science to understand, ppl like to upload lengthy About messages..not such short ones. Please bring back that feature if possible.",google_play,2,2026-02-19 15:24:31,negative,-0.0595,Feature Request,72.97
I'm not happy,google_play,1,2026-02-18 15:24:17,negative,-0.4585,Other,2819.34
latest version drains battery in background. 76% of battery used for 11 min screentime and 2h 14 min background,google_play,1,2026-02-17 15:23:48,neutral,0.0,Performance,0.0
good,google_play,5,2026-02-23 15:23:34,positive,0.4404,Other,0.0
bohot badhiya he,google_play,5,2026-02-22 15:23:24,neutral,0.0,Other,0.0
Good work,google_play,5,2026-02-21 15:23:00,positive,0.4404,Other,0.0
perfect apps,google_play,5,2026-02-20 15:22:55,positive,0.5719,Other,0.0
good,google_play,5,2026-02-19 15:22:53,positive,0.4404,Other,0.0
your the best,google_play,5,2026-02-18 15:22:39,positive,0.6369,Other,0.0
"could use more customization options like insta but overall its perfectly, gets the job doneüëå.",google_play,4,2026-02-17 15:22:23,positive,0.8263,Other,0.0
good,google_play,5,2026-02-23 15:22:18,positive,0.4404,Other,0.0
"v,important",google_play,5,2026-02-22 15:22:13,neutral,0.0,Other,0.0
"telegram ainda superior, s√≥ uso esse app obrigada porque a maioria no Brasil usa. Se voc√™ desinstalar, perde conversas e figurinhas salvas e n√£o tem uma fun√ß√£o de agendar mensagem.",google_play,3,2026-02-21 15:22:09,positive,0.3182,Other,0.0
thik h ‚ô•Ô∏è‚ô•Ô∏è‚ô•Ô∏è‚ô•Ô∏è,google_play,2,2026-02-20 15:22:07,neutral,0.0,Other,0.0
Best,google_play,5,2026-02-19 15:22:01,positive,0.6369,Other,0.0
good,google_play,5,2026-02-18 15:21:24,positive,0.4404,Other,0.0
broadcast messages limit should not be there,google_play,1,2026-02-17 15:21:19,neutral,0.0,Other,0.0
good,google_play,5,2026-02-23 15:20:39,positive,0.4404,Other,0.0
super,google_play,5,2026-02-22 15:20:22,positive,0.5994,Other,0.0
nice,google_play,5,2026-02-21 15:20:17,positive,0.4215,Other,0.0
thank whatsapp tem neüôèüî•üôåü•∞,google_play,5,2026-02-20 15:20:16,positive,0.3612,Other,0.0
nice,google_play,5,2026-02-19 15:20:13,positive,0.4215,Other,0.0
good app,google_play,5,2026-02-18 15:20:10,positive,0.4404,Other,0.0
good app,google_play,5,2026-02-17 15:19:58,positive,0.4404,Other,0.0
very nice,google_play,5,2026-02-23 15:19:53,positive,0.4754,Other,0.0
Finest,google_play,5,2026-02-22 15:19:39,neutral,0.0,Other,0.0
‡§µ‡•á‡§∞‡•Ä ‡§µ‡•á‡§∞‡•Ä ‡§®‡§æ‡§á‡§∏,google_play,5,2026-02-21 15:19:34,neutral,0.0,Other,0.0
nice,google_play,5,2026-02-20 15:19:29,positive,0.4215,Other,0.0
ok,google_play,5,2026-02-19 15:19:26,positive,0.296,Other,0.0
super,google_play,5,2026-02-18 15:19:15,positive,0.5994,Other,0.0
Improve on the quality...you people ruin pictures and video quality posted on the status,google_play,2,2026-02-17 15:19:09,negative,-0.2263,UI/UX,34.88
nice,google_play,5,2026-02-23 15:18:48,positive,0.4215,Other,0.0
My WhatsApp problem solved please,google_play,5,2026-02-22 15:18:39,positive,0.1779,Bug,0.0
your storage space is too little,google_play,5,2026-02-21 15:18:36,neutral,0.0,Other,0.0
I like it but it compresses high quality videos and make it blurry,google_play,4,2026-02-20 15:18:30,neutral,0.0387,Other,0.0
i strongly believe that the WhatsApp app changed into a good way of communicating.,google_play,5,2026-02-19 15:18:28,positive,0.6124,Other,0.0
I love it,google_play,5,2026-02-18 15:18:12,positive,0.6369,Other,0.0
good,google_play,5,2026-02-17 15:18:09,positive,0.4404,Other,0.0
l love this app,google_play,4,2026-02-23 15:17:56,positive,0.6369,Other,0.0
very inconvenient,google_play,1,2026-02-22 15:17:42,negative,-0.4005,Other,2819.9
needs a few more items,google_play,2,2026-02-21 15:17:40,neutral,0.0,Feature Request,0.0
good üëç,google_play,5,2026-02-20 15:17:39,positive,0.4404,Other,0.0
Is one of the best app so far,google_play,5,2026-02-19 15:17:32,positive,0.6369,Other,0.0
good,google_play,5,2026-02-18 15:17:32,positive,0.4404,Other,0.0
it's so good,google_play,5,2026-02-17 15:17:28,positive,0.4927,Other,0.0
nice app,google_play,5,2026-02-23 15:17:24,positive,0.4215,Other,0.0
good,google_play,4,2026-02-22 15:17:09,positive,0.4404,Other,0.0
"Boa app f√°cil de usar, recomendo",google_play,4,2026-02-21 15:17:04,neutral,0.0,Other,0.0
FENTASTIK,google_play,5,2026-02-20 15:17:04,neutral,0.0,Other,0.0
ü´¥ü§ç,google_play,5,2026-02-19 15:16:48,neutral,0.0,Other,0.0
fast once you're connected to network,google_play,5,2026-02-18 15:16:47,neutral,0.0,Performance,0.0
WhatsApp make everything better it's awesome üëå.,google_play,5,2026-02-17 15:16:34,positive,0.7906,Other,0.0
"""Status updates are not in order for over a year. Support is not helping, only sending AI replies. Very disappointing experience.""",google_play,1,2026-02-23 15:16:33,negative,-0.3981,Other,2820.79
good,google_play,5,2026-02-22 15:16:30,positive,0.4404,Other,0.0
Good,google_play,5,2026-02-21 15:16:10,positive,0.4404,Other,0.0
fast and good,google_play,5,2026-02-20 15:16:09,positive,0.4404,Performance,0.0
good,google_play,4,2026-02-19 15:15:25,positive,0.4404,Other,0.0
good,google_play,5,2026-02-18 15:15:13,positive,0.4404,Other,0.0
Thank U,google_play,5,2026-02-17 15:15:10,positive,0.3612,Other,0.0
mast app,google_play,5,2026-02-23 15:15:04,neutral,0.0,Other,0.0
super,google_play,5,2026-02-22 15:14:47,positive,0.5994,Other,0.0
awesome,google_play,4,2026-02-21 15:14:30,positive,0.6249,Other,0.0
not a good app,google_play,1,2026-02-20 15:14:22,negative,-0.3412,Other,2813.66
Excellent Service Providing,google_play,5,2026-02-19 15:14:17,positive,0.5719,Other,0.0
it's nice I actually thought it was not as good as it sounds but I was wrong and happy to be on this app,google_play,4,2026-02-18 15:14:07,positive,0.2725,Other,0.0
‡§Ü‡§™‡§ï‡•á app ‡§Æ‡•á status horizontal form ‡§Æ‡•á ‡§¶‡§ø‡§ñ‡§§‡•Ä ‡§π‡•à‡§Ç ‡§Ö‡§ó‡§∞ ‡§µ‡§π‡•Ä vertical form ‡§Æ‡•á ‡§π‡•ã ‡§ú‡§æ‡§è ‡§§‡•ã ‡§Ö‡§ö‡•ç‡§õ‡§æ ‡§π‡•ã‡§ó‡§æ ‡§ï‡•ç‡§Ø‡•ã‡§Ç‡§ï‡•Ä status ‡§¨‡§π‡•Å‡§§ ‡§ú‡•ç‡§Ø‡§æ‡§¶‡§æ ‡§∞‡§π‡§§‡•á ‡§π‡•à‡§Ç ‡§ú‡§¨ ‡§ï‡•Ä channel ‡§ï‡§Æ ‡§∞‡§π‡§§‡•á ‡§π‡•à horizontal form ‡§Æ‡•á status ‡§¶‡•á‡§ñ‡§®‡§æ ‡§¨‡§π‡•Å‡§§ ‡§¶‡§ø‡§ï‡•ç‡§ï‡§§ ‡§Ü‡§§‡•Ä ‡§π‡•à please keep changes status IN vertical form,google_play,4,2026-02-17 15:13:51,positive,0.3182,Other,0.0
very good,google_play,5,2026-02-23 15:13:48,positive,0.4927,Other,0.0
good app,google_play,4,2026-02-22 15:13:42,positive,0.4404,Other,0.0
good communication is work,google_play,5,2026-02-21 15:13:36,positive,0.4404,Other,0.0
good,google_play,5,2026-02-20 15:13:30,positive,0.4404,Other,0.0
Good,google_play,5,2026-02-19 15:13:22,positive,0.4404,Other,0.0
ok,google_play,1,2026-02-18 15:13:22,positive,0.296,Other,0.0
nice,google_play,4,2026-02-17 15:13:18,positive,0.4215,Other,0.0
Nice üëç,google_play,5,2026-02-23 15:13:16,positive,0.4215,Other,0.0
love ‚ù§Ô∏è,google_play,5,2026-02-22 15:12:54,positive,0.6369,Other,0.0
"WhatsApp makes such a difference to my daily life, though I don't use many of the features, only WhatsApp-llicable to me. Thank you, WhatsApp. Keep doing what you are doing üëè üíØ ‚ú®Ô∏è üôå üëç",google_play,5,2026-02-21 15:12:54,positive,0.3612,Feature Request,0.0
very good,google_play,1,2026-02-20 15:12:45,positive,0.4927,Other,0.0
ŸÖ€å⁄∫ ÿßÿ≥ ÿß€åŸæŸÑ€å⁄©€åÿ¥ŸÜ ÿ≥€í ÿ®€Åÿ™ ŸÖÿ∑ŸÖÿ¶ŸÜ €ÅŸà⁄∫,google_play,1,2026-02-19 15:12:38,neutral,0.0,Other,0.0
The best app in the world üåé,google_play,5,2026-02-18 15:12:35,positive,0.6369,Other,0.0
vry good,google_play,4,2026-02-17 15:12:18,positive,0.4404,Other,0.0
super,google_play,5,2026-02-23 15:12:07,positive,0.5994,Other,0.0
ok,google_play,4,2026-02-22 15:12:05,positive,0.296,Other,0.0
good üëç,google_play,5,2026-02-21 15:12:00,positive,0.4404,Other,0.0
brilliant ‚ù§Ô∏è,google_play,5,2026-02-20 15:11:43,positive,0.5859,Other,0.0
Cool,google_play,4,2026-02-19 15:11:41,positive,0.3182,Other,0.0
Perfect,google_play,5,2026-02-18 15:11:35,positive,0.5719,Other,0.0
cool,google_play,5,2026-02-17 15:11:16,positive,0.3182,Other,0.0
nice app,google_play,5,2026-02-23 15:11:08,positive,0.4215,Other,0.0
"your service has been topnuch especially the AI. .please keep it up, Thank you for being a wonderful provider.",google_play,5,2026-02-22 15:10:51,positive,0.83,Other,0.0
very good app,google_play,5,2026-02-21 15:10:49,positive,0.4927,Other,0.0
interested,google_play,5,2026-02-20 15:10:45,positive,0.4019,Other,0.0
good apps,google_play,5,2026-02-19 15:10:40,positive,0.4404,Other,0.0
good,google_play,5,2026-02-18 15:10:31,positive,0.4404,Other,0.0
All well Lazy,google_play,5,2026-02-17 15:10:31,negative,-0.1027,Other,2796.3
this is over good app üëç,google_play,4,2026-02-23 15:10:23,positive,0.4404,Other,0.0
good,google_play,5,2026-02-22 15:10:01,positive,0.4404,Other,0.0
good,google_play,5,2026-02-21 15:09:55,positive,0.4404,Other,0.0
Very nice app,google_play,5,2026-02-20 15:09:53,positive,0.4754,Other,0.0
mind-blowing,google_play,5,2026-02-19 15:09:48,neutral,0.0,Other,0.0
excellent,google_play,5,2026-02-18 15:09:42,positive,0.5719,Other,0.0
good,google_play,3,2026-02-17 15:09:37,positive,0.4404,Other,0.0
like itüíñüíñüíñ,google_play,5,2026-02-23 15:09:32,positive,0.3612,Other,0.0
Good,google_play,5,2026-02-22 15:09:28,positive,0.4404,Other,0.0
waw,google_play,5,2026-02-21 15:09:14,neutral,0.0,Other,0.0
everything is ok...,google_play,5,2026-02-20 15:09:04,positive,0.296,Other,0.0
I enjoy all the features in this app,google_play,4,2026-02-19 15:09:00,positive,0.4939,Feature Request,0.0
good,google_play,5,2026-02-18 15:08:58,positive,0.4404,Other,0.0
excellent,google_play,5,2026-02-17 15:08:49,positive,0.5719,Other,0.0
super üëçüëçüëç,google_play,5,2026-02-23 15:08:44,positive,0.5994,Other,0.0
"I am not able to open my WhatsApp now,,, even I have updated it now",google_play,1,2026-02-22 15:08:28,neutral,0.0,Other,0.0
very good,google_play,5,2026-02-21 15:07:57,positive,0.4927,Other,0.0
"When i reply someone's status with a voice note, the voice note doesn't go. This has been happening for over a year now and some colleagues face similar issue.",google_play,1,2026-02-20 15:07:56,neutral,0.0,Bug,0.0
good,google_play,5,2026-02-19 15:07:53,positive,0.4404,Other,0.0
good,google_play,5,2026-02-18 15:07:50,positive,0.4404,Other,0.0
Daily usage was very nice,google_play,5,2026-02-17 15:07:45,positive,0.4754,Other,0.0
‡¥ó‡µÅ‡¥°‡µç,google_play,3,2026-02-23 15:07:43,neutral,0.0,Other,0.0
good üëç,google_play,5,2026-02-22 15:07:34,positive,0.4404,Other,0.0
good üòä,google_play,4,2026-02-21 15:07:33,positive,0.4404,Other,0.0
good,google_play,1,2026-02-20 15:07:32,positive,0.4404,Other,0.0
good,google_play,1,2026-02-19 15:07:32,positive,0.4404,Other,0.0
ok,google_play,3,2026-02-18 15:07:28,positive,0.296,Other,0.0
good,google_play,5,2026-02-17 15:07:28,positive,0.4404,Other,0.0
good üòä and fast,google_play,5,2026-02-23 15:07:24,positive,0.4404,Performance,0.0
good work üëç,google_play,5,2026-02-22 15:07:11,positive,0.4404,Other,0.0
nice ‚ú®Ô∏è ‚ú®Ô∏è,google_play,5,2026-02-21 15:07:10,positive,0.4215,Other,0.0
Awesome üåüüåüüåüüåüüåü,google_play,5,2026-02-20 15:06:56,positive,0.6249,Other,0.0
gud,google_play,5,2026-02-19 15:06:45,neutral,0.0,Other,0.0
Good for communication,google_play,5,2026-02-18 15:06:23,positive,0.4404,Other,0.0
nice 123,google_play,5,2026-02-17 15:06:16,positive,0.4215,Other,0.0
what a Nice app.,google_play,5,2026-02-23 15:06:12,positive,0.4215,Other,0.0
very nice,google_play,5,2026-02-22 15:06:04,positive,0.4754,Other,0.0
it works,google_play,4,2026-02-21 15:05:54,neutral,0.0,Other,0.0
goo luck,google_play,5,2026-02-20 15:05:52,positive,0.4588,Other,0.0
very nice app.,google_play,5,2026-02-19 15:05:33,positive,0.4754,Other,0.0
Very good app,google_play,5,2026-02-18 15:05:28,positive,0.4927,Other,0.0
superb,google_play,5,2026-02-17 15:05:21,positive,0.6249,Other,0.0
worst app,google_play,1,2026-02-23 15:05:18,negative,-0.6249,Other,2838.33
Good üëç,google_play,5,2026-02-22 15:05:15,positive,0.4404,Other,0.0
good,google_play,4,2026-02-21 15:05:11,positive,0.4404,Other,0.0
very bad experience üòï,google_play,1,2026-02-20 15:05:02,negative,-0.5849,Other,2830.55
a good app,google_play,5,2026-02-19 15:04:45,positive,0.4404,Other,0.0
great,google_play,5,2026-02-18 15:04:42,positive,0.6249,Other,0.0
my Whatsapp after the latest update has been crashing non stop and I can't even use my Whatsapp again for unknown reason please fix this,google_play,2,2026-02-17 15:04:22,neutral,0.0258,Bug,0.0
ü•∞suma urang ü•∞,google_play,5,2026-02-23 15:04:11,neutral,0.0,Other,0.0
when ever I want to use my phone number on this what's app it says your unable to use this app why is that so I can't tell the way is given me stressed and miss all my friends,google_play,5,2026-02-22 15:03:53,positive,0.1779,Feature Request,0.0
nice All yours features,google_play,5,2026-02-21 15:03:42,positive,0.4215,Feature Request,0.0
Alhamdulillahi,google_play,5,2026-02-20 15:03:39,neutral,0.0,Other,0.0
good,google_play,5,2026-02-19 15:03:36,positive,0.4404,Other,0.0
goodüëçüòä,google_play,5,2026-02-18 15:03:33,neutral,0.0,Other,0.0
nice,google_play,5,2026-02-17 15:03:26,positive,0.4215,Other,0.0
good,google_play,5,2026-02-23 15:03:17,positive,0.4404,Other,0.0
I'm so so comfortable with your service and keep what you do best for everyone in the whole üåéworld,google_play,5,2026-02-22 15:03:15,positive,0.8686,Other,0.0
Good,google_play,5,2026-02-21 15:03:06,positive,0.4404,Other,0.0
great experience,google_play,5,2026-02-20 15:02:59,positive,0.6249,Other,0.0
good,google_play,5,2026-02-19 15:02:53,positive,0.4404,Other,0.0
very nice and it helps me to chat with ppl freely,google_play,5,2026-02-18 15:02:49,positive,0.8221,Other,0.0
good,google_play,5,2026-02-17 15:02:45,positive,0.4404,Other,0.0
I love it,google_play,1,2026-02-23 15:02:40,positive,0.6369,Other,0.0
Excellent üëç,google_play,5,2026-02-22 15:02:34,positive,0.5719,Other,0.0
So far my experience using this app has been smooth throughout the years tbh,google_play,4,2026-02-21 15:02:28,neutral,0.0,Other,0.0
I love this it's so good,google_play,5,2026-02-20 15:02:18,positive,0.8377,Other,0.0
mast hai,google_play,5,2026-02-19 15:02:10,neutral,0.0,Other,0.0
good üòä,google_play,5,2026-02-18 15:02:05,positive,0.4404,Other,0.0
Nice,google_play,5,2026-02-17 15:01:52,positive,0.4215,Other,0.0
"WhatsApp is international App link people in many Countries at low cost WhatsApp helping people to save money like airtime, like traveling or transport, save time, easy to transfer documents, voice, enjoyment , information related about job , source of job etc. WhatsApp is All in our life ü•∞",google_play,5,2026-02-23 15:01:41,positive,0.9517,Other,0.0
to slow,google_play,2,2026-02-22 15:01:41,neutral,0.0,Performance,0.0
nice üëç,google_play,5,2026-02-21 15:01:37,positive,0.4215,Other,0.0
Dear whatsaap I am not using an unofficial whatsap but still when i try to oppen my official whatsaap it show you need to official whatsaap to login problem please help to fix it as possible God bless you,google_play,1,2026-02-20 15:01:33,positive,0.8779,Bug,0.0
it's good but it should have time blocker to make bigger impact individually and world wide,google_play,5,2026-02-19 15:01:32,positive,0.2382,Feature Request,0.0
best,google_play,5,2026-02-18 15:01:17,positive,0.6369,Other,0.0
good üëç,google_play,5,2026-02-17 15:01:04,positive,0.4404,Other,0.0
so good,google_play,5,2026-02-23 15:00:46,positive,0.4927,Other,0.0
WhatsApp as help me do a lot without much data so thank you,google_play,5,2026-02-22 15:00:38,positive,0.7133,Other,0.0
very good experience,google_play,5,2026-02-21 15:00:38,positive,0.4927,Other,0.0
nice,google_play,5,2026-02-20 15:00:38,positive,0.4215,Other,0.0
awesome aaps and security is good üòä,google_play,5,2026-02-19 15:00:33,positive,0.8555,Other,0.0
good,google_play,5,2026-02-18 15:00:29,positive,0.4404,Other,0.0
good,google_play,5,2026-02-17 15:00:15,positive,0.4404,Other,0.0
Lagu-Lagu pada wa story kurang variatif. Saran lagu-lagu 70 dan 80 an diperbanyak lagi,google_play,5,2026-02-23 15:00:12,neutral,0.0,Performance,0.0
üí™üí™üí™,google_play,5,2026-02-22 15:00:12,neutral,0.0,Other,0.0
very nice,google_play,5,2026-02-21 14:59:53,positive,0.4754,Other,0.0
very good,google_play,5,2026-02-20 14:59:42,positive,0.4927,Other,0.0
super üí•üí•üí•,google_play,3,2026-02-19 14:59:27,positive,0.5994,Other,0.0
nice üëçüèª,google_play,5,2026-02-18 14:59:26,positive,0.4215,Other,0.0
wow super,google_play,5,2026-02-17 14:59:21,positive,0.8271,Other,0.0
good,google_play,5,2026-02-23 14:59:20,positive,0.4404,Other,0.0
not bad,google_play,2,2026-02-22 14:58:55,positive,0.431,Other,0.0
Great,google_play,5,2026-02-21 14:58:49,positive,0.6249,Other,0.0
good,google_play,5,2026-02-20 14:58:39,positive,0.4404,Other,0.0
my whatsapp account got logout out without permission,google_play,1,2026-02-19 14:58:35,neutral,0.0,Other,0.0
best,google_play,5,2026-02-18 14:58:30,positive,0.6369,Other,0.0
good,google_play,2,2026-02-17 14:58:19,positive,0.4404,Other,0.0
good,google_play,5,2026-02-23 14:58:15,positive,0.4404,Other,0.0
I think it is good.,google_play,5,2026-02-22 14:58:12,positive,0.4404,Other,0.0
Nice üëçüôÇ,google_play,5,2026-02-21 14:58:10,positive,0.4215,Other,0.0
"Hello whatsapp team, my account was banned and I'd like to request a review ibelieve this was a mistake """,google_play,5,2026-02-20 14:58:09,negative,-0.4404,Feature Request,99.53
so why u banned me for NOTINGüò°üò°üò°,google_play,1,2026-02-19 14:57:51,negative,-0.507,Other,2823.8
bad,google_play,1,2026-02-18 14:57:42,negative,-0.5423,Other,2824.71
its best communication app,google_play,5,2026-02-17 14:57:41,positive,0.6369,Other,0.0
"I love this app,,no any ads interference",google_play,5,2026-02-23 14:57:36,positive,0.6369,Other,0.0
good üòäüòä,google_play,5,2026-02-22 14:57:31,positive,0.4404,Other,0.0
it's good,google_play,3,2026-02-21 14:57:31,positive,0.4404,Other,0.0
It's quick and fast,google_play,1,2026-02-20 14:57:29,neutral,0.0,Performance,0.0
Very very good! The best online messaging app!,google_play,5,2026-02-19 14:57:20,positive,0.8375,Other,0.0
very good,google_play,5,2026-02-18 14:57:04,positive,0.4927,Other,0.0
"So far,it's been my most reliable and convenient app.",google_play,5,2026-02-17 14:57:00,neutral,0.0,Other,0.0
üòç,google_play,5,2026-02-23 14:57:00,neutral,0.0,Other,0.0
good,google_play,3,2026-02-22 14:56:55,positive,0.4404,Other,0.0
good but if u hide one account u can't see that they have messaged you and status hidden policy if u hide someone they can still see it,google_play,4,2026-02-21 14:56:54,negative,-0.2846,Other,2810.49
Whatsapp is boring,google_play,5,2026-02-20 14:56:54,negative,-0.3182,Other,2812.06
it's a nice app but it's not secure enough,google_play,4,2026-02-19 14:56:51,negative,-0.1665,Other,2801.1
excellent,google_play,5,2026-02-18 14:56:47,positive,0.5719,Other,0.0
excellent,google_play,5,2026-02-17 14:56:31,positive,0.5719,Other,0.0
Cool üòé,google_play,5,2026-02-23 14:56:28,positive,0.3182,Other,0.0
super,google_play,5,2026-02-22 14:56:26,positive,0.5994,Other,0.0
good,google_play,5,2026-02-21 14:56:24,positive,0.4404,Other,0.0
"Imagine paying for calls, video calls, pictures & video's....? ü§îüí≠ WhatsApp is üëçüèæüëçüèæüëçüèæ",google_play,5,2026-02-20 14:56:23,neutral,0.0,Other,0.0
it's a good media,google_play,5,2026-02-19 14:56:06,positive,0.4404,Other,0.0
best,google_play,5,2026-02-18 14:56:04,positive,0.6369,Other,0.0
"Whatsapp allows cyberbullying, because someone reported my friend 3 times and he got banned from Whatsapp, my friend literally didn't do anything illegal or violate any laws, it was just one of his course mates that was bullying him, threatening him he would banned his Whatsapp and he got away with it thanks to Whatsapp officials",google_play,3,2026-02-17 14:56:02,negative,-0.6458,Other,2829.61
Good parfametion What's App,google_play,5,2026-02-23 14:55:52,positive,0.4404,Other,0.0
great,google_play,4,2026-02-22 14:55:51,positive,0.6249,Other,0.0
Good,google_play,5,2026-02-21 14:55:47,positive,0.4404,Other,0.0
ok,google_play,2,2026-02-20 14:55:36,positive,0.296,Other,0.0
terbaik,google_play,5,2026-02-19 14:55:35,neutral,0.0,Other,0.0
good,google_play,5,2026-02-18 14:55:32,positive,0.4404,Other,0.0
This is the best messaging app I've ever come across,google_play,5,2026-02-17 14:55:19,positive,0.6369,Other,0.0
useful app but plzz find scammer,google_play,5,2026-02-23 14:55:13,positive,0.2382,Other,0.0
üëå ok,google_play,5,2026-02-22 14:54:53,positive,0.296,Other,0.0
this app is very genius and genuine,google_play,5,2026-02-21 14:54:49,neutral,0.0,UI/UX,0.0
interesting,google_play,4,2026-02-20 14:54:41,positive,0.4019,Other,0.0
good,google_play,5,2026-02-19 14:54:40,positive,0.4404,Other,0.0
ok,google_play,5,2026-02-18 14:54:37,positive,0.296,Other,0.0
good,google_play,5,2026-02-17 14:54:33,positive,0.4404,Other,0.0
best,google_play,5,2026-02-23 14:54:32,positive,0.6369,Other,0.0
good,google_play,5,2026-02-22 14:54:30,positive,0.4404,Other,0.0
excellent,google_play,5,2026-02-21 14:54:14,positive,0.5719,Other,0.0
best 2,google_play,5,2026-02-20 14:54:13,positive,0.6369,Other,0.0
nice,google_play,5,2026-02-19 14:54:08,positive,0.4215,Other,0.0
‡¶®‡¶æ‡¶á‡¶∏,google_play,5,2026-02-18 14:54:06,neutral,0.0,Other,0.0
"It's good but we need higher resolution video and photo support as an option to send it for friends and family, hope whatsapp be free forever and make all people happy! Thank you!",google_play,3,2026-02-17 14:54:05,positive,0.9804,Feature Request,0.0
I'm only here because people refuse to use signal,google_play,1,2026-02-23 14:54:00,negative,-0.296,Other,2812.89
Excellent,google_play,5,2026-02-22 14:53:33,positive,0.5719,Other,0.0
whatsapp going to slow,google_play,1,2026-02-21 14:53:33,neutral,0.0,Performance,0.0
love it ‚ô•Ô∏è‚ô•Ô∏èüëå,google_play,5,2026-02-20 14:53:26,positive,0.6369,Other,0.0
I ‡§ì‡§≤‡§µ‡•á‡§ú ‡§µ‡•á‡§≤‡§ï‡§Æ Hi,google_play,5,2026-02-19 14:53:12,neutral,0.0,Other,0.0
I have been trying to login into my account but it is not working tell me why am really getting tired right now,google_play,5,2026-02-18 14:53:05,negative,-0.6448,Bug,110.27
"The App is reliable, the team are honest with what they are doing for others, the app improve others, uplift others and leave meaningful impact wether in school, home, friendship or Society.",google_play,1,2026-02-17 14:53:00,positive,0.8807,Other,0.0
Excellent üëå,google_play,5,2026-02-23 14:52:59,positive,0.5719,Other,0.0
very good and reliable,google_play,5,2026-02-22 14:52:48,positive,0.4927,Other,0.0
Nice üëç,google_play,4,2026-02-21 14:52:44,positive,0.4215,Other,0.0
best,google_play,5,2026-02-20 14:52:43,positive,0.6369,Other,0.0
Good,google_play,5,2026-02-19 14:52:34,positive,0.4404,Other,0.0
am grateful üôè,google_play,5,2026-02-18 14:52:33,positive,0.4588,Other,0.0
best hai,google_play,5,2026-02-17 14:52:32,positive,0.6369,Other,0.0
nice,google_play,5,2026-02-23 14:52:32,positive,0.4215,Other,0.0
good,google_play,5,2026-02-22 14:52:29,positive,0.4404,Other,0.0
awesome üëå,google_play,5,2026-02-21 14:52:28,positive,0.6249,Other,0.0
good,google_play,5,2026-02-20 14:52:07,positive,0.4404,Other,0.0
Kiya baat hy Whatsapp ki bs ye na HOTA to Ashiq log ka time hi nhi guazarta,google_play,5,2026-02-19 14:51:58,neutral,0.0,Other,0.0
bekaar,google_play,1,2026-02-18 14:51:47,neutral,0.0,Other,0.0
fine very good whatsapp thank u,google_play,5,2026-02-17 14:51:44,positive,0.7755,Other,0.0
Good üëç,google_play,5,2026-02-23 14:51:20,positive,0.4404,Other,0.0
ok,google_play,5,2026-02-22 14:51:19,positive,0.296,Other,0.0
good App,google_play,5,2026-02-21 14:50:55,positive,0.4404,Other,0.0
superb. fantastic. amazing. simple. Everything you need.,google_play,5,2026-02-20 14:50:32,positive,0.91,Feature Request,0.0
"wonderful experience. video calls, voice calls, updates, etc keep it up!",google_play,5,2026-02-19 14:50:31,positive,0.5719,Other,0.0
Ma man buahisa,google_play,1,2026-02-18 14:50:28,neutral,0.0,Other,0.0
I think it's the bestüëçüíØ,google_play,3,2026-02-17 14:50:26,neutral,0.0,Other,0.0
nice üëçüèª,google_play,5,2026-02-23 14:50:15,positive,0.4215,Other,0.0
super üëå üëç üòç ü•∞ üòò ‚ò∫Ô∏è,google_play,5,2026-02-22 14:50:14,positive,0.5994,Other,0.0
ÿ™ÿ≠ŸÅŸáŸáŸá,google_play,5,2026-02-21 14:50:11,neutral,0.0,Other,0.0
I think WhatsApp is great overall. For calls (when you have good WiFi) and especially for texting (you could even have moderate WiFi and text effectively).,google_play,5,2026-02-20 14:50:02,positive,0.872,Other,0.0
good services,google_play,5,2026-02-19 14:50:02,positive,0.4404,Other,0.0
logout problem,google_play,1,2026-02-18 14:49:21,negative,-0.4019,Bug,94.72
Good,google_play,3,2026-02-17 14:49:20,positive,0.4404,Other,0.0
very good,google_play,5,2026-02-23 14:49:16,positive,0.4927,Other,0.0
i want to back up my all text messages,google_play,5,2026-02-22 14:49:10,positive,0.0772,Feature Request,0.0
life partner,google_play,5,2026-02-21 14:49:07,neutral,0.0,Other,0.0
üëç,google_play,5,2026-02-20 14:48:55,neutral,0.0,Other,0.0
Best ever,google_play,5,2026-02-19 14:48:51,positive,0.6369,Other,0.0
good o,google_play,5,2026-02-18 14:48:48,positive,0.4404,Other,0.0
good,google_play,5,2026-02-17 14:48:34,positive,0.4404,Other,0.0
good,google_play,5,2026-02-23 14:48:34,positive,0.4404,Other,0.0
nice,google_play,5,2026-02-22 14:48:31,positive,0.4215,Other,0.0
very good üëçüòä,google_play,5,2026-02-21 14:48:15,positive,0.4927,Other,0.0
Incredible app,google_play,5,2026-02-20 14:48:12,neutral,0.0,Other,0.0
all is well,google_play,5,2026-02-19 14:48:05,positive,0.2732,Other,0.0
is awesome thanks to you Google play,google_play,5,2026-02-18 14:48:01,positive,0.8555,Other,0.0
best apps,google_play,3,2026-02-17 14:47:58,positive,0.6369,Other,0.0
It's great üëçüèª üëå ‚ò∫Ô∏è,google_play,5,2026-02-23 14:47:54,positive,0.6249,Other,0.0
excellent,google_play,5,2026-02-22 14:47:54,positive,0.5719,Other,0.0
ok,google_play,4,2026-02-21 14:47:40,positive,0.296,Other,0.0
Soo nice,google_play,5,2026-02-20 14:47:40,positive,0.4215,Other,0.0
best' app for mobile phones I like the idea message was automatically generated by watching,google_play,5,2026-02-19 14:47:18,positive,0.7717,Other,0.0
okk,google_play,5,2026-02-18 14:47:17,neutral,0.0,Other,0.0
"What's the point of adding ads to personal accounts, literally absurd and violates people's privacy.",google_play,1,2026-02-17 14:47:08,negative,-0.5106,Feature Request,100.32
makes my life and convent.,google_play,5,2026-02-23 14:47:00,neutral,0.0,Other,0.0
mujhe status nahi dikha Rahe hai na hi thik ho RAHE hai ü•∫ü•∫ü•∫üò≠üò≠,google_play,1,2026-02-22 14:46:50,neutral,0.0,Other,0.0
good,google_play,5,2026-02-21 14:46:45,positive,0.4404,Other,0.0
good,google_play,5,2026-02-20 14:46:44,positive,0.4404,Other,0.0
osm,google_play,5,2026-02-19 14:46:26,neutral,0.0,Other,0.0
its extraordinary,google_play,5,2026-02-18 14:46:08,neutral,0.0,Other,0.0
good thinks,google_play,5,2026-02-17 14:46:07,positive,0.4404,Other,0.0
very nice spp,google_play,5,2026-02-23 14:45:58,positive,0.4754,Other,0.0
it work very well,google_play,3,2026-02-22 14:45:26,positive,0.3384,Other,0.0
very nice sarvice üëçüëç,google_play,5,2026-02-21 14:45:19,positive,0.4754,Other,0.0
good I think,google_play,5,2026-02-20 14:45:18,positive,0.4404,Other,0.0
Excellent,google_play,5,2026-02-19 14:45:18,positive,0.5719,Other,0.0
It's has been a amazing app to me,google_play,5,2026-02-18 14:45:05,positive,0.5859,Other,0.0
very nice,google_play,5,2026-02-17 14:44:30,positive,0.4754,Other,0.0
Nice app,google_play,5,2026-02-23 14:44:19,positive,0.4215,Other,0.0
this is the best place to be,google_play,5,2026-02-22 14:44:16,positive,0.6369,Other,0.0
Sometimes there are problems while talking on video calls,google_play,3,2026-02-21 14:44:02,negative,-0.4019,Bug,97.94
very nice,google_play,5,2026-02-20 14:44:01,positive,0.4754,Other,0.0
Nice app,google_play,5,2026-02-19 14:44:00,positive,0.4215,Other,0.0
Very Good üòä,google_play,5,2026-02-18 14:43:59,positive,0.4927,Other,0.0
good,google_play,5,2026-02-17 14:43:57,positive,0.4404,Other,0.0
suitable,google_play,5,2026-02-23 14:43:50,neutral,0.0,UI/UX,0.0
I can talk to my friends I can also do video calls and it's the best app for communication,google_play,5,2026-02-22 14:43:42,positive,0.8074,Other,0.0
ŸÖŸÖÿ™ÿßÿ≤,google_play,5,2026-02-21 14:43:32,neutral,0.0,Other,0.0
so great,google_play,5,2026-02-20 14:43:24,positive,0.659,Other,0.0
wow üò≤üò≥,google_play,5,2026-02-19 14:43:18,positive,0.5859,Other,0.0
Connecting lives,google_play,5,2026-02-18 14:43:10,neutral,0.0,Other,0.0
Good,google_play,5,2026-02-17 14:43:09,positive,0.4404,Other,0.0
this is very useful app,google_play,5,2026-02-23 14:42:48,positive,0.4927,Other,0.0
"Unable to open the app, some error probably and this issue is repetitive",google_play,1,2026-02-22 14:42:42,negative,-0.5719,Bug,111.7
i find the app very good üëç,google_play,4,2026-02-21 14:42:41,positive,0.4927,Other,0.0
good,google_play,5,2026-02-20 14:42:33,positive,0.4404,Other,0.0
excellent,google_play,5,2026-02-19 14:42:31,positive,0.5719,Other,0.0
WhatsApp is amazing,google_play,5,2026-02-18 14:42:29,positive,0.5859,Other,0.0
it makes me busy even if I am bored,google_play,5,2026-02-17 14:42:07,negative,-0.2732,Other,2806.76
great service,google_play,3,2026-02-23 14:41:54,positive,0.6249,Other,0.0
perfect,google_play,5,2026-02-22 14:41:49,positive,0.5719,Other,0.0
ok,google_play,5,2026-02-21 14:41:43,positive,0.296,Other,0.0
it's cool and fast,google_play,5,2026-02-20 14:41:19,positive,0.3182,Performance,0.0
very good,google_play,5,2026-02-19 14:41:17,positive,0.4927,Other,0.0
‚ù§Ô∏è,google_play,5,2026-02-18 14:41:16,neutral,0.0,Other,0.0
good job,google_play,5,2026-02-17 14:41:13,positive,0.4404,Other,0.0
ü•∞üòç,google_play,5,2026-02-23 14:41:09,neutral,0.0,Other,0.0
nice,google_play,5,2026-02-22 14:41:08,positive,0.4215,Other,0.0
üëç,google_play,1,2026-02-21 14:40:55,neutral,0.0,Other,0.0
Excellent,google_play,5,2026-02-20 14:40:54,positive,0.5719,Other,0.0
good,google_play,5,2026-02-19 14:40:23,positive,0.4404,Other,0.0
fantastic üòç,google_play,5,2026-02-18 14:40:15,positive,0.5574,Other,0.0
I love WhatsApp,google_play,5,2026-02-17 14:40:12,positive,0.6369,Other,0.0
‡¥π‡¥æ‡¥™‡µç‡¥™‡¥ø,google_play,5,2026-02-23 14:40:09,neutral,0.0,Other,0.0
"‡¶ñ‡ßÅ‡¶¨‡¶á ‡¶≠‡¶æ‡¶≤‡ßã, ‡¶ï‡¶ø‡¶®‡ßç‡¶§‡ßÅ ‡¶ï‡ßã‡¶®‡ßã ‡¶°‡¶ï‡ßÅ‡¶Æ‡ßá‡¶®‡ßç‡¶ü‡¶∏ ‡¶¨‡ßá‡¶∂‡¶ø‡¶¶‡¶ø‡¶® ‡¶•‡¶æ‡¶ï‡ßá ‡¶®‡¶æ‡•§",google_play,5,2026-02-22 14:40:08,neutral,0.0,Other,0.0
good,google_play,5,2026-02-21 14:40:03,positive,0.4404,Other,0.0
"WhatsApp saya mengalami bug, nama kontak yang sudah saya simpan ketika saya membuka grup, nama kontak itu mendadak hilang",google_play,2,2026-02-20 14:39:45,neutral,0.0,Bug,0.0
good,google_play,5,2026-02-19 14:39:41,positive,0.4404,Other,0.0
video weak and voice,google_play,5,2026-02-18 14:39:40,negative,-0.4404,Other,2818.19
status quality,google_play,1,2026-02-17 14:39:18,neutral,0.0,Other,0.0
awesome,google_play,2,2026-02-23 14:39:11,positive,0.6249,Other,0.0
whatsapp is the best,google_play,5,2026-02-22 14:39:09,positive,0.6369,Other,0.0
"every thing ok-ish but after the recent update , i can't use meta ai like i send one question and before it gives me the answer it exits and when i try to see the answer it will exit again and also i can't create my new avatar im stuck with the old one and also it sends random chats to me everytime i enter whatsapp and i have to delete it constantlyüòßüòßüòßüòß",google_play,2,2026-02-21 14:39:02,negative,-0.1207,Other,2798.69
super ok nice,google_play,5,2026-02-20 14:38:52,positive,0.836,Other,0.0
very happy I'm,google_play,5,2026-02-19 14:38:33,positive,0.6115,Other,0.0
Unnecessary masege not give me,google_play,5,2026-02-18 14:38:29,neutral,0.0,Other,0.0
Great service,google_play,5,2026-02-17 14:38:24,positive,0.6249,Other,0.0
‚ù§Ô∏è‚ù§Ô∏è,google_play,5,2026-02-23 14:38:22,neutral,0.0,Other,0.0
good,google_play,5,2026-02-22 14:38:16,positive,0.4404,Other,0.0
nice,google_play,5,2026-02-21 14:38:13,positive,0.4215,Other,0.0
nice and easy to use,google_play,5,2026-02-20 14:37:57,positive,0.6908,Other,0.0
nice,google_play,5,2026-02-19 14:37:51,positive,0.4215,Other,0.0
good üëç ho,google_play,5,2026-02-18 14:37:41,positive,0.4404,Other,0.0
good,google_play,5,2026-02-17 14:37:37,positive,0.4404,Other,0.0
Nice,google_play,5,2026-02-23 14:37:34,positive,0.4215,Other,0.0
my WhatsApp is not good working this automatically log out please fix the problem,google_play,1,2026-02-22 14:37:33,negative,-0.4226,Bug,100.55
it's good to use guys,google_play,2,2026-02-21 14:37:31,positive,0.4404,Other,0.0
good,google_play,4,2026-02-20 14:37:23,positive,0.4404,Other,0.0
mera WhatsApp bhi chalu nahin ho raha hai sir,google_play,5,2026-02-19 14:37:21,neutral,0.0,Other,0.0
good communication,google_play,5,2026-02-18 14:37:19,positive,0.4404,Other,0.0
good app,google_play,5,2026-02-17 14:36:57,positive,0.4404,Other,0.0
its awesome thanks üëç you,google_play,2,2026-02-23 14:36:55,positive,0.7906,Other,0.0
good,google_play,5,2026-02-22 14:36:52,positive,0.4404,Other,0.0
good,google_play,1,2026-02-21 14:36:34,positive,0.4404,Other,0.0
Good,google_play,2,2026-02-20 14:36:33,positive,0.4404,Other,0.0
WhatsApp is the best,google_play,5,2026-02-19 14:36:22,positive,0.6369,Other,0.0
good,google_play,5,2026-02-18 14:36:22,positive,0.4404,Other,0.0
kudoz to u guy's,google_play,5,2026-02-17 14:36:16,neutral,0.0,Other,0.0
"WhatsApp is a fast, reliable messaging app that makes staying connected effortless. End-to-end encryption ensures privacy, while features like voice notes, video calls, group chats, and file sharing make it versatile for both personal and professional use. Its simple interface and low data usage make it accessible for everyone.",google_play,5,2026-02-23 14:36:11,positive,0.4939,Feature Request,0.0
Ok üëç,google_play,5,2026-02-22 14:36:09,positive,0.296,Other,0.0
nicevery good,google_play,1,2026-02-21 14:36:05,positive,0.4404,Other,0.0
nice app,google_play,5,2026-02-20 14:35:51,positive,0.4215,Other,0.0
best,google_play,5,2026-02-19 14:35:41,positive,0.6369,Other,0.0
better,google_play,5,2026-02-18 14:35:22,positive,0.4404,Other,0.0
‡¶ñ‡ßÅ‡¶¨ ‡¶≠‡¶æ‡¶≤‡ßã,google_play,5,2026-02-17 14:35:11,neutral,0.0,Other,0.0
good,google_play,5,2026-02-23 14:35:05,positive,0.4404,Other,0.0
nice,google_play,3,2026-02-22 14:35:05,positive,0.4215,Other,0.0
whatsapp is very important to us,google_play,5,2026-02-21 14:35:03,positive,0.2716,Other,0.0
Happy,google_play,5,2026-02-20 14:35:02,positive,0.5719,Other,0.0
üòä,google_play,5,2026-02-19 14:35:01,neutral,0.0,Other,0.0
thank you,google_play,5,2026-02-18 14:35:00,positive,0.3612,Other,0.0
Best,google_play,5,2026-02-17 14:34:46,positive,0.6369,Other,0.0
good conversation with other countries,google_play,5,2026-02-23 14:34:36,positive,0.4404,Other,0.0
good üëç,google_play,5,2026-02-22 14:34:04,positive,0.4404,Other,0.0
lovely,google_play,5,2026-02-21 14:34:01,positive,0.5859,Other,0.0
voice not clear,google_play,4,2026-02-20 14:33:50,negative,-0.2924,Other,2810.27
It's great,google_play,5,2026-02-19 14:33:36,positive,0.6249,Other,0.0
this app is so special,google_play,5,2026-02-18 14:33:23,positive,0.541,Other,0.0
excellent,google_play,5,2026-02-17 14:33:21,positive,0.5719,Other,0.0
get off,google_play,5,2026-02-23 14:33:17,neutral,0.0,Other,0.0
super,google_play,5,2026-02-22 14:33:13,positive,0.5994,Other,0.0
Very good,google_play,5,2026-02-21 14:33:13,positive,0.4927,Other,0.0
good,google_play,5,2026-02-20 14:33:11,positive,0.4404,Other,0.0
good üëç,google_play,3,2026-02-19 14:33:10,positive,0.4404,Other,0.0
goated to ragebait people,google_play,5,2026-02-18 14:33:03,neutral,0.0,Other,0.0
openfree,google_play,5,2026-02-17 14:33:02,neutral,0.0,Other,0.0
üíó,google_play,5,2026-02-23 14:32:58,neutral,0.0,Other,0.0
Its a good app. Through it I‚Äòve been able to connect with my far away friends who seemed lost. It has also helped me with academic work because my classmates send me notes and books via whapp.,google_play,5,2026-02-22 14:32:40,positive,0.5719,Other,0.0
this is amazing,google_play,5,2026-02-21 14:32:38,positive,0.5859,Other,0.0
good,google_play,5,2026-02-20 14:32:32,positive,0.4404,Other,0.0
it's so so efficient,google_play,5,2026-02-19 14:32:28,positive,0.6078,Other,0.0
Best Communication application,google_play,5,2026-02-18 14:32:28,positive,0.6369,Other,0.0
best,google_play,5,2026-02-17 14:32:21,positive,0.6369,Other,0.0
super,google_play,5,2026-02-23 14:32:01,positive,0.5994,Other,0.0
Awsume,google_play,5,2026-02-22 14:31:57,neutral,0.0,Other,0.0
superb,google_play,5,2026-02-21 14:31:46,positive,0.6249,Other,0.0
"its absolutely brilliant, keeps me in touch with my family and friends, and pictures , best app ever .",google_play,5,2026-02-20 14:31:22,positive,0.908,Other,0.0
perfect ü•∞ üíû,google_play,5,2026-02-19 14:31:14,positive,0.5719,Other,0.0
very nice,google_play,5,2026-02-18 14:31:10,positive,0.4754,Other,0.0
Good app,google_play,5,2026-02-17 14:31:05,positive,0.4404,Other,0.0
best ni hai humri any Vali naslo ka leye tabahie hai,google_play,5,2026-02-23 14:31:00,positive,0.6369,Other,0.0
very useful and helpful,google_play,5,2026-02-22 14:30:55,positive,0.7397,Other,0.0
v. v goodüëç,google_play,5,2026-02-21 14:30:45,neutral,0.0,Other,0.0
excellent,google_play,5,2026-02-20 14:30:43,positive,0.5719,Other,0.0
very good,google_play,5,2026-02-19 14:30:35,positive,0.4927,Other,0.0
Terrible app. The new features are unnecessary.,google_play,1,2026-02-18 14:30:33,negative,-0.4767,Feature Request,99.51
ads suck,google_play,4,2026-02-17 14:30:22,negative,-0.4404,Other,2817.01
"It's excellent, for communication factor. I would like that the user keeps the account over the number phone...",google_play,5,2026-02-23 14:30:20,positive,0.7579,Other,0.0
easier to communicate,google_play,5,2026-02-22 14:30:14,positive,0.4215,Other,0.0
ok,google_play,5,2026-02-21 14:29:54,positive,0.296,Other,0.0
WhatsApp is the best app now,google_play,4,2026-02-20 14:29:49,positive,0.6369,Other,0.0
good,google_play,5,2026-02-19 14:29:45,positive,0.4404,Other,0.0
"it's very good üëç I like it now, then before",google_play,5,2026-02-18 14:29:43,positive,0.7159,Other,0.0
great,google_play,5,2026-02-17 14:29:35,positive,0.6249,Other,0.0
sab sahi hai,google_play,5,2026-02-23 14:29:28,neutral,0.0,Other,0.0
Good,google_play,5,2026-02-22 14:29:27,positive,0.4404,Other,0.0
nice,google_play,5,2026-02-21 14:29:19,positive,0.4215,Other,0.0
It's clear and effective in communication.,google_play,5,2026-02-20 14:29:15,positive,0.6908,Other,0.0
It's good,google_play,5,2026-02-19 14:29:12,positive,0.4404,Other,0.0
ok,google_play,3,2026-02-18 14:29:06,positive,0.296,Other,0.0
it's fun but for chatting only if they add a feature where you can watch videos from other people like TikTok or something it will be cool,google_play,4,2026-02-17 14:29:05,positive,0.81,Feature Request,0.0
this app as been the best ever,google_play,5,2026-02-23 14:29:03,positive,0.6369,Other,0.0
nikce,google_play,2,2026-02-22 14:28:49,neutral,0.0,Other,0.0
Interesting,google_play,5,2026-02-21 14:28:47,positive,0.4019,Other,0.0
Good,google_play,5,2026-02-20 14:28:28,positive,0.4404,Other,0.0
I like this app because is very important and everybody has this app thank you,google_play,5,2026-02-19 14:28:11,positive,0.7264,Other,0.0
very good,google_play,5,2026-02-18 14:27:58,positive,0.4927,Other,0.0
100% wonderful üëç,google_play,5,2026-02-17 14:27:57,positive,0.5719,Other,0.0
not good my all data is removed without any reason,google_play,1,2026-02-23 14:27:51,negative,-0.3412,Other,2816.39
excellent,google_play,5,2026-02-22 14:27:50,positive,0.5719,Other,0.0
we are Thankful for Ramadan 6 day's,google_play,1,2026-02-21 14:27:36,positive,0.5719,Other,0.0
Excellent,google_play,3,2026-02-20 14:27:35,positive,0.5719,Other,0.0
good,google_play,5,2026-02-19 14:27:16,positive,0.4404,Other,0.0
really good can you teach me more secrets of WhatsApp,google_play,5,2026-02-18 14:27:15,positive,0.4927,Other,0.0
good,google_play,5,2026-02-17 14:27:10,positive,0.4404,Other,0.0
most hai whatsup,google_play,5,2026-02-23 14:26:50,neutral,0.0,Other,0.0
great for storing links to purchase things,google_play,5,2026-02-22 14:26:41,positive,0.6249,Other,0.0
nice work,google_play,5,2026-02-21 14:26:38,positive,0.4215,Other,0.0
bekar WhatsApp Koi kam Karen mere mobile mein aadhe ghante se searching ho raha hai pata nahin kya koi bhi ise download na Karen,google_play,1,2026-02-20 14:26:34,neutral,0.0,Other,0.0
Nice app,google_play,5,2026-02-19 14:26:20,positive,0.4215,Other,0.0
I love it,google_play,5,2026-02-18 14:26:20,positive,0.6369,Other,0.0
ùó∂ùòÄ ùóÆùóΩ ùó∂ùòÄ ùó∞ùóºùóºùóπ üòòüòòüòòü§©,google_play,5,2026-02-17 14:26:05,neutral,0.0,Other,0.0
favourite app on my phone üì±,google_play,5,2026-02-23 14:26:04,neutral,0.0,Other,0.0
good apps,google_play,1,2026-02-22 14:25:58,positive,0.4404,Other,0.0
excellent,google_play,5,2026-02-21 14:25:56,positive,0.5719,Other,0.0
Always handy and efficient,google_play,5,2026-02-20 14:25:52,positive,0.4215,Other,0.0
very bad,google_play,1,2026-02-19 14:25:51,negative,-0.5849,Other,2828.99
very good üëçüèª,google_play,5,2026-02-18 14:25:38,positive,0.4927,Other,0.0
Excellent app üëå,google_play,5,2026-02-17 14:25:33,positive,0.5719,Other,0.0
great app,google_play,4,2026-02-23 14:25:28,positive,0.6249,Other,0.0
excellent,google_play,5,2026-02-22 14:25:19,positive,0.5719,Other,0.0
this is aap so amazing üòç,google_play,5,2026-02-21 14:25:18,positive,0.7065,Other,0.0
Gud,google_play,5,2026-02-20 14:25:12,neutral,0.0,Other,0.0
good,google_play,5,2026-02-19 14:25:11,positive,0.4404,Other,0.0
good,google_play,5,2026-02-18 14:25:10,positive,0.4404,Other,0.0
it's really good,google_play,5,2026-02-17 14:25:02,positive,0.4927,Other,0.0
üëå,google_play,4,2026-02-23 14:25:01,neutral,0.0,Other,0.0
this is a great app for communication..thank u Mark Zuckerberg for this,google_play,5,2026-02-22 14:24:56,positive,0.6249,Other,0.0
Awesome app for communication. Messages shared herein were recently declared to be binding by a Kenyan court.,google_play,5,2026-02-21 14:24:49,positive,0.7579,Other,0.0
thank you,google_play,5,2026-02-20 14:24:44,positive,0.3612,Other,0.0
nice,google_play,5,2026-02-19 14:24:15,positive,0.4215,Other,0.0
good,google_play,5,2026-02-18 14:24:14,positive,0.4404,Other,0.0
good,google_play,4,2026-02-17 14:24:08,positive,0.4404,Other,0.0
this is best platform all the time goat üêê,google_play,5,2026-02-23 14:24:03,positive,0.6369,Other,0.0
excellent,google_play,5,2026-02-22 14:23:45,positive,0.5719,Other,0.0
nice üíØ,google_play,5,2026-02-21 14:23:41,positive,0.4215,Other,0.0
great but could be much better,google_play,4,2026-02-20 14:23:17,positive,0.7506,Other,0.0
Happy Ramadan üåôü•∞.,google_play,2,2026-02-19 14:23:11,positive,0.5719,Other,0.0
well setting,google_play,5,2026-02-18 14:23:10,positive,0.2732,Other,0.0
"well, all's going on well for now..!",google_play,3,2026-02-17 14:23:07,positive,0.4939,Other,0.0
we need themes for what's up from another update,google_play,5,2026-02-23 14:23:03,neutral,0.0,Feature Request,0.0
u guys ban me a lot I don't like it,google_play,1,2026-02-22 14:23:00,negative,-0.6917,Other,2841.65
so good.,google_play,5,2026-02-21 14:22:49,positive,0.4927,Other,0.0
it the best and reliable,google_play,5,2026-02-20 14:22:45,positive,0.6369,Other,0.0
good,google_play,5,2026-02-19 14:22:43,positive,0.4404,Other,0.0
nice,google_play,5,2026-02-18 14:22:41,positive,0.4215,Other,0.0
best c,google_play,5,2026-02-17 14:22:39,positive,0.6369,Other,0.0
Interested,google_play,5,2026-02-23 14:22:37,positive,0.4019,Other,0.0
mast,google_play,5,2026-02-22 14:22:20,neutral,0.0,Other,0.0
very very use ful,google_play,5,2026-02-21 14:22:08,neutral,0.0,Other,0.0
Okay,google_play,5,2026-02-20 14:22:07,positive,0.2263,Other,0.0
good,google_play,5,2026-02-19 14:22:03,positive,0.4404,Other,0.0
I'm enjoying it,google_play,5,2026-02-18 14:21:42,positive,0.5267,Other,0.0
better,google_play,4,2026-02-17 14:21:32,positive,0.4404,Other,0.0
Good Job,google_play,5,2026-02-23 14:21:27,positive,0.4404,Other,0.0
very fast and reliable in delivery of messages clear in making calls I recommend the app for its great work,google_play,4,2026-02-22 14:21:13,positive,0.8481,Performance,0.0
ŸÖŸÖÿ™ÿßÿ≤,google_play,5,2026-02-21 14:21:12,neutral,0.0,Other,0.0
really good,google_play,5,2026-02-20 14:21:04,positive,0.4927,Other,0.0
good,google_play,5,2026-02-19 14:21:02,positive,0.4404,Other,0.0
super,google_play,5,2026-02-18 14:21:02,positive,0.5994,Other,0.0
good,google_play,5,2026-02-17 14:21:01,positive,0.4404,Other,0.0
osm,google_play,5,2026-02-23 14:20:59,neutral,0.0,Other,0.0
I love this app,google_play,5,2026-02-22 14:20:51,positive,0.6369,Other,0.0
good,google_play,5,2026-02-21 14:20:47,positive,0.4404,Other,0.0
nice,google_play,5,2026-02-20 14:20:35,positive,0.4215,Other,0.0
Good,google_play,5,2026-02-19 14:20:28,positive,0.4404,Other,0.0
ok,google_play,5,2026-02-18 14:20:25,positive,0.296,Other,0.0
excellent service,google_play,5,2026-02-17 14:20:25,positive,0.5719,Other,0.0
Amazing way of communicating,google_play,5,2026-02-23 14:20:21,positive,0.5859,Other,0.0
good,google_play,5,2026-02-22 14:20:21,positive,0.4404,Other,0.0
Good,google_play,5,2026-02-21 14:20:13,positive,0.4404,Other,0.0
good good,google_play,5,2026-02-20 14:20:08,positive,0.7003,Other,0.0
bad experience,google_play,5,2026-02-19 14:20:02,negative,-0.5423,Other,2826.15
good,google_play,5,2026-02-18 14:19:49,positive,0.4404,Other,0.0
good,google_play,5,2026-02-17 14:19:45,positive,0.4404,Other,0.0
voice call is not clear,google_play,3,2026-02-23 14:19:34,negative,-0.2924,Other,2812.61
"WhatsApp is a great app and I use it daily, but the new @all tag feature in groups is quite disturbing. Even though only admins can use it, it generates unnecessary notifications for everyone, especially in large groups. Many admins use it too frequently for non-urgent messages. Please consider adding an option to disable @all notifications or limit its usage. More control over mentions would greatly improve the user experience. Overall, still a very useful app.",google_play,1,2026-02-22 14:19:14,positive,0.8477,Feature Request,0.0
we are making good improvements,google_play,5,2026-02-21 14:18:55,positive,0.6369,Other,0.0
Nice,google_play,5,2026-02-20 14:18:46,positive,0.4215,Other,0.0
Good warsap,google_play,5,2026-02-19 14:18:46,positive,0.4404,Other,0.0
i love it,google_play,1,2026-02-18 14:18:45,positive,0.6369,Other,0.0
Encouraging each others on duty,google_play,1,2026-02-17 14:18:36,positive,0.5267,Other,0.0
good üëç,google_play,5,2026-02-23 14:18:29,positive,0.4404,Other,0.0
Good,google_play,4,2026-02-22 14:18:25,positive,0.4404,Other,0.0
fast services,google_play,5,2026-02-21 14:18:18,neutral,0.0,Performance,0.0
good,google_play,5,2026-02-20 14:18:11,positive,0.4404,Other,0.0
good way to use and it's is very helpful to stay in touch with family,google_play,5,2026-02-19 14:18:01,positive,0.7178,Other,0.0
good,google_play,5,2026-02-18 14:17:59,positive,0.4404,Other,0.0
bit of a faff turning off photo storage that goes on to devices,google_play,4,2026-02-17 14:17:58,neutral,0.0,Other,0.0
good,google_play,5,2026-02-23 14:17:50,positive,0.4404,Other,0.0
very helpful,google_play,5,2026-02-22 14:17:47,positive,0.4754,Other,0.0
sorry,google_play,5,2026-02-21 14:17:34,negative,-0.0772,Other,2795.56
booom,google_play,5,2026-02-20 14:17:25,neutral,0.0,Other,0.0
Good,google_play,5,2026-02-19 14:17:13,positive,0.4404,Other,0.0
good,google_play,5,2026-02-18 14:17:12,positive,0.4404,Other,0.0
a great app,google_play,5,2026-02-17 14:17:10,positive,0.6249,Other,0.0
good,google_play,5,2026-02-23 14:17:07,positive,0.4404,Other,0.0
it does not show that someone had block you or not,google_play,3,2026-02-22 14:17:02,negative,-0.4404,Other,2822.88
it's best,google_play,5,2026-02-21 14:17:00,positive,0.6369,Other,0.0
WhatsApp is good app,google_play,5,2026-02-20 14:16:53,positive,0.4404,Other,0.0
nice,google_play,5,2026-02-19 14:16:45,positive,0.4215,Other,0.0
ÿ¨ŸÖŸäŸÑ ÿ¨ÿØÿß,google_play,5,2026-02-18 14:16:18,neutral,0.0,Other,0.0
powerful,google_play,5,2026-02-17 14:16:11,positive,0.4215,Other,0.0
i have no brightnss opetion in video call,google_play,3,2026-02-23 14:16:08,negative,-0.296,Other,2812.89
"it's very nice and easy to make calls, messages and others",google_play,5,2026-02-22 14:16:04,positive,0.7397,Other,0.0
ü§©ü§©,google_play,5,2026-02-21 14:15:57,neutral,0.0,Other,0.0
thanks soooooo good,google_play,5,2026-02-20 14:15:55,positive,0.7003,Other,0.0
very good,google_play,5,2026-02-19 14:15:52,positive,0.4927,Other,0.0
excellent,google_play,5,2026-02-18 14:15:43,positive,0.5719,Other,0.0
This app is convenient for me. As a person who doesn't like phone calls it makes things easier for me to talk to a person through texting rather than calling or sending sis because most people hardly ever check their sis inbox,google_play,5,2026-02-17 14:15:38,positive,0.1754,Other,0.0
Wah tee achha whatsapp hai,google_play,3,2026-02-23 14:15:19,neutral,0.0,Other,0.0
"‚ÄãFeature Request: Online Status Pop-ups ‚ÄãPlease add a feature to show a pop-up notification when a contact from our chat list comes online. Many third-party apps already have this ""Online Toast"" feature, and it‚Äôs very helpful for knowing who is active without checking each chat manually. It would be great if this could be added as an optional setting in the official app to improve user experience. Thanks!",google_play,4,2026-02-22 14:15:15,positive,0.9516,Feature Request,0.0
just perfect,google_play,5,2026-02-21 14:15:12,positive,0.5719,Other,0.0
very nice app üôÇ,google_play,5,2026-02-20 14:15:03,positive,0.4754,Other,0.0
ü§ò,google_play,5,2026-02-19 14:14:39,neutral,0.0,Other,0.0
nice üëç appp,google_play,5,2026-02-18 14:14:39,positive,0.4215,Other,0.0
brilliant,google_play,5,2026-02-17 14:14:39,positive,0.5859,Other,0.0
calling is so bad,google_play,2,2026-02-23 14:14:38,negative,-0.6696,Other,2841.78
I am now going to use so give me time Stil.l Thank You. I taped on update and It took longer time and still has not been completed. I don't understand why? Please I am still having problem with the frequently operations of my WhatsApp pages So please try and do something about it. Thank You; I hope for the Best I have given you 4 üåü,google_play,4,2026-02-22 14:14:27,positive,0.7562,Bug,0.0
we are facing problem the app will automatically login out why I don't now please resolve the issue,google_play,1,2026-02-21 14:14:15,negative,-0.7046,Bug,119.73
so good,google_play,5,2026-02-20 14:14:00,positive,0.4927,Other,0.0
Best app so far,google_play,5,2026-02-19 14:13:44,positive,0.6369,Other,0.0
good app for business,google_play,5,2026-02-18 14:13:29,positive,0.4404,Other,0.0
good,google_play,5,2026-02-17 14:13:25,positive,0.4404,Other,0.0
"totally terrible assistance, simple ai generated messanger, that even can't transfer to real agent;",google_play,1,2026-02-23 14:13:25,negative,-0.5256,Other,2830.65
exillent,google_play,5,2026-02-22 14:13:16,neutral,0.0,Other,0.0
too much smood,google_play,5,2026-02-21 14:13:13,neutral,0.0,Other,0.0
good luck,google_play,5,2026-02-20 14:13:09,positive,0.7096,Other,0.0
Very nice app,google_play,5,2026-02-19 14:13:02,positive,0.4754,Other,0.0
nice,google_play,3,2026-02-18 14:13:01,positive,0.4215,Other,0.0
"Whatsapp has become a daily app for millions of users and its very handy and good app. The big issue is that there must be a feature to auto delete duplicate files shared in groups and chats. Because it drains memory with garbage from these images, docs & videos !!!",google_play,3,2026-02-17 14:12:45,positive,0.6771,Bug,0.0
I think whatsApp is the best,google_play,5,2026-02-23 14:12:42,positive,0.6369,Other,0.0
Good,google_play,5,2026-02-22 14:12:41,positive,0.4404,Other,0.0
keep on trying,google_play,5,2026-02-21 14:12:34,neutral,0.0,Other,0.0
good app,google_play,5,2026-02-20 14:12:26,positive,0.4404,Other,0.0
fantastic,google_play,5,2026-02-19 14:12:25,positive,0.5574,Other,0.0
spam fest,google_play,1,2026-02-18 14:12:22,negative,-0.3612,Other,2813.12
good,google_play,5,2026-02-17 14:12:16,positive,0.4404,Other,0.0
very good and no network issues,google_play,5,2026-02-23 14:12:11,positive,0.1851,Bug,0.0
Best app for business,google_play,5,2026-02-22 14:12:03,positive,0.6369,Other,0.0
good üëç,google_play,5,2026-02-21 14:11:57,positive,0.4404,Other,0.0
music isn't stopped during phone calls.,google_play,1,2026-02-20 14:11:49,positive,0.1695,Other,0.0
good,google_play,5,2026-02-19 14:11:42,positive,0.4404,Other,0.0
very good,google_play,5,2026-02-18 14:11:41,positive,0.4927,Other,0.0
It is very good to communicate with friends and family ‚ù§Ô∏èüíï,google_play,5,2026-02-17 14:11:17,positive,0.7425,Other,0.0
love,google_play,5,2026-02-23 14:10:56,positive,0.6369,Other,0.0
this app is so useful I only say I very like this app and thanks to developer for making this app,google_play,5,2026-02-22 14:10:51,positive,0.8568,Other,0.0
"To admit, this What's app is so fast and accurate. Moreover, communicating of privacy is savior and private.",google_play,5,2026-02-21 14:10:32,positive,0.2023,Performance,0.0
"This is a great social media app, but there's still room for improvement especially in the area of media storage and access, and accessing of previous messages in group chats (before one joins the group) ... just like Telegram.",google_play,4,2026-02-20 14:10:26,positive,0.8689,Other,0.0
good,google_play,5,2026-02-19 14:10:25,positive,0.4404,Other,0.0
all so good üëç,google_play,5,2026-02-18 14:10:23,positive,0.4927,Other,0.0
great app,google_play,5,2026-02-17 14:10:22,positive,0.6249,Other,0.0
exquisite,google_play,5,2026-02-23 14:10:03,neutral,0.0,UI/UX,0.0
best app in chating and everything,google_play,4,2026-02-22 14:09:53,positive,0.6369,Other,0.0
this is good but sometime glitch now,google_play,5,2026-02-21 14:09:51,positive,0.2382,Bug,0.0
Just good with their encryption and 2 step verification am now in safe hands,google_play,4,2026-02-20 14:09:47,positive,0.7003,Other,0.0
good,google_play,4,2026-02-19 14:09:43,positive,0.4404,Other,0.0
"this app is a very good ND reliable browsing app I ever seen , safe ND trusted",google_play,4,2026-02-18 14:09:42,positive,0.8479,Other,0.0
nice üëç,google_play,5,2026-02-17 14:09:38,positive,0.4215,Other,0.0
good,google_play,5,2026-02-23 14:09:34,positive,0.4404,Other,0.0
wow,google_play,5,2026-02-22 14:09:28,positive,0.5859,Other,0.0
Great app.For real.,google_play,5,2026-02-21 14:09:23,positive,0.6249,Other,0.0
very usefull app,google_play,2,2026-02-20 14:09:19,neutral,0.0,Other,0.0
good,google_play,5,2026-02-19 14:09:19,positive,0.4404,Other,0.0
nic,google_play,5,2026-02-18 14:09:18,neutral,0.0,Other,0.0
good,google_play,5,2026-02-17 14:09:15,positive,0.4404,Other,0.0
good,google_play,5,2026-02-23 14:09:08,positive,0.4404,Other,0.0
very convenient to use for both business and personal use. I,google_play,5,2026-02-22 14:08:59,neutral,0.0,Other,0.0
I love this app is the easiest way to contact your friends and family,google_play,5,2026-02-21 14:08:48,positive,0.8779,Other,0.0
your What'sapp it's so good problem the quality of our video it's giving,google_play,5,2026-02-20 14:08:17,positive,0.4876,Bug,0.0
Best app for communication. i am satisfied with the security system . i really appreciate.,google_play,5,2026-02-19 14:07:49,positive,0.908,Other,0.0
good app,google_play,5,2026-02-18 14:07:37,positive,0.4404,Other,0.0
good app,google_play,5,2026-02-17 14:07:30,positive,0.4404,Other,0.0
ok,google_play,5,2026-02-23 14:07:27,positive,0.296,Other,0.0
nice app,google_play,5,2026-02-22 14:07:23,positive,0.4215,Other,0.0
fantastic üòç super well and good üëç,google_play,2,2026-02-21 14:07:15,positive,0.91,Other,0.0
very good,google_play,5,2026-02-20 14:07:11,positive,0.4927,Other,0.0
goog,google_play,5,2026-02-19 14:07:07,neutral,0.0,Other,0.0
whatsaap is very good app for connecting with our family and friends.,google_play,5,2026-02-18 14:06:44,positive,0.7425,Other,0.0
Great app for effective communication,google_play,4,2026-02-17 14:06:40,positive,0.802,Other,0.0
good,google_play,5,2026-02-23 14:06:30,positive,0.4404,Other,0.0
nice,google_play,2,2026-02-22 14:06:19,positive,0.4215,Other,0.0
good,google_play,5,2026-02-21 14:06:13,positive,0.4404,Other,0.0
very good üëç,google_play,5,2026-02-20 14:06:04,positive,0.4927,Other,0.0
very very much good for me while using the app,google_play,5,2026-02-19 14:05:50,positive,0.5334,Other,0.0
good,google_play,4,2026-02-18 14:05:38,positive,0.4404,Other,0.0
good,google_play,5,2026-02-17 14:05:35,positive,0.4404,Other,0.0
Good app,google_play,4,2026-02-23 14:05:22,positive,0.4404,Other,0.0
perfect,google_play,5,2026-02-22 14:05:20,positive,0.5719,Other,0.0
very good üòä,google_play,2,2026-02-21 14:05:20,positive,0.4927,Other,0.0
excellent service,google_play,5,2026-02-20 14:05:10,positive,0.5719,Other,0.0
nice appse,google_play,5,2026-02-19 14:05:10,positive,0.4215,Other,0.0
Great app üíØ,google_play,5,2026-02-18 14:05:02,positive,0.6249,Other,0.0
love this app it has helped me to find out how my friends and family are and it has strengthens my relationship with them,google_play,4,2026-02-17 14:05:00,positive,0.8834,Other,0.0
good,google_play,5,2026-02-23 14:04:43,positive,0.4404,Other,0.0
brilliant way to keep in touch my groupshare accounts are a wonderful way to communicate and learn,google_play,5,2026-02-22 14:04:34,positive,0.8176,Other,0.0
Nice,google_play,5,2026-02-21 14:04:30,positive,0.4215,Other,0.0
very nice app,google_play,5,2026-02-20 14:04:29,positive,0.4754,Other,0.0
good,google_play,5,2026-02-19 14:04:22,positive,0.4404,Other,0.0
it's goodüòÄüòÄ,google_play,5,2026-02-18 14:04:18,neutral,0.0,Other,0.0
not bad,google_play,5,2026-02-17 14:04:15,positive,0.431,Other,0.0
very useful,google_play,5,2026-02-23 14:04:07,positive,0.4927,Other,0.0
worst app,google_play,1,2026-02-22 14:04:00,negative,-0.6249,Other,2836.66
super üëå,google_play,5,2026-02-21 14:03:55,positive,0.5994,Other,0.0
Excellent aap üëå üëç,google_play,3,2026-02-20 14:03:53,positive,0.5719,Other,0.0
it good personal information,google_play,5,2026-02-19 14:03:47,positive,0.4404,Other,0.0
nice,google_play,5,2026-02-18 14:03:44,positive,0.4215,Other,0.0
so far so good,google_play,5,2026-02-17 14:03:37,positive,0.6213,Other,0.0
Good service,google_play,5,2026-02-23 14:03:33,positive,0.4404,Other,0.0
excellent service,google_play,5,2026-02-22 14:03:33,positive,0.5719,Other,0.0
üòé,google_play,3,2026-02-21 14:03:32,neutral,0.0,Other,0.0
good,google_play,5,2026-02-20 14:03:15,positive,0.4404,Other,0.0
WhatsApp Is The Best! üíØ,google_play,5,2026-02-19 14:03:13,positive,0.6369,Other,0.0
The internal contact manager is poor. Not able to add other information for contacts.,google_play,3,2026-02-18 14:03:04,negative,-0.4767,Feature Request,99.51
Which is abest and secure communication app.,google_play,5,2026-02-17 14:03:02,positive,0.34,Other,0.0
Good,google_play,5,2026-02-23 14:03:00,positive,0.4404,Other,0.0
excellent,google_play,4,2026-02-22 14:02:44,positive,0.5719,Other,0.0
good,google_play,5,2026-02-21 14:02:32,positive,0.4404,Other,0.0
good,google_play,5,2026-02-20 14:02:30,positive,0.4404,Other,0.0
this whatsApp is amazing ü´∂üèª,google_play,3,2026-02-19 14:02:26,positive,0.5859,Other,0.0
‡§¨‡§π‡•Å‡§§ ‡§Ö‡§ö‡•ç‡§õ‡§æ,google_play,5,2026-02-18 14:02:22,neutral,0.0,Other,0.0
gud,google_play,5,2026-02-17 14:02:22,neutral,0.0,Other,0.0
I like it,google_play,5,2026-02-23 14:02:22,positive,0.3612,Other,0.0
Nice social app but needs to be upgraded so that status downloads can be done.,google_play,5,2026-02-22 14:02:20,positive,0.2263,Feature Request,0.0
can't we add YouTube links in our profileüòåüëå,google_play,4,2026-02-21 14:02:06,neutral,0.0,Feature Request,0.0
brilliant üëç,google_play,5,2026-02-20 14:01:55,positive,0.5859,Other,0.0
"Everything is great until you have to download a secondary app to download statuses. that's why pirate apps were thriving honestly, they understood privacy and efficiency.",google_play,2,2026-02-19 14:01:42,positive,0.8625,Other,0.0
very useful üëå,google_play,5,2026-02-18 14:01:37,positive,0.4927,Other,0.0
ads between status is disgusting üòû,google_play,4,2026-02-17 14:01:09,negative,-0.5267,Other,2822.3
great,google_play,4,2026-02-23 14:01:07,positive,0.6249,Other,0.0
good,google_play,5,2026-02-22 14:01:06,positive,0.4404,Other,0.0
hands down the best app for communication,google_play,5,2026-02-21 14:01:04,positive,0.6369,Other,0.0
privacy is top-notch,google_play,5,2026-02-20 14:00:46,neutral,0.0,Other,0.0
Is good,google_play,5,2026-02-19 14:00:45,positive,0.4404,Other,0.0
very good very helpful,google_play,5,2026-02-18 14:00:40,positive,0.7615,Other,0.0
allow us to screen shot please üôè,google_play,5,2026-02-17 14:00:31,positive,0.4939,Other,0.0
interesting,google_play,5,2026-02-23 14:00:14,positive,0.4019,Other,0.0
just tell how many times people are viewing status,google_play,1,2026-02-22 14:00:01,neutral,0.0,Other,0.0
nice,google_play,5,2026-02-21 13:59:56,positive,0.4215,Other,0.0
very nice,google_play,5,2026-02-20 13:59:50,positive,0.4754,Other,0.0
Good,google_play,5,2026-02-19 13:59:47,positive,0.4404,Other,0.0
good,google_play,5,2026-02-18 13:59:45,positive,0.4404,Other,0.0
I love it so far thanks!,google_play,5,2026-02-17 13:59:30,positive,0.8115,Other,0.0
nice app go for messaging all round the globe,google_play,5,2026-02-23 13:59:29,positive,0.4215,Other,0.0
osm,google_play,5,2026-02-22 13:59:28,neutral,0.0,Other,0.0
could be more asthetic and simple,google_play,3,2026-02-21 13:59:26,neutral,0.0,Other,0.0
great app,google_play,5,2026-02-20 13:59:26,positive,0.6249,Other,0.0
ok,google_play,4,2026-02-19 13:59:19,positive,0.296,Other,0.0
good,google_play,5,2026-02-18 13:59:19,positive,0.4404,Other,0.0
always ‚≠ê‚≠ê‚≠ê‚≠ê‚≠ê,google_play,5,2026-02-17 13:58:49,neutral,0.0,Other,0.0
Nice,google_play,1,2026-02-23 13:58:44,positive,0.4215,Other,0.0
nice,google_play,5,2026-02-22 13:58:31,positive,0.4215,Other,0.0
super awesome,google_play,5,2026-02-21 13:58:27,positive,0.8402,Other,0.0
chuchi,google_play,5,2026-02-20 13:58:26,neutral,0.0,Other,0.0
"100% no complains, highly recommended for you",google_play,5,2026-02-19 13:58:04,negative,-0.4033,Other,2816.89
This app is not working properly for me,google_play,5,2026-02-18 13:57:58,neutral,0.0,Bug,0.0
this app is fantastic üëè,google_play,5,2026-02-17 13:57:55,positive,0.5574,Other,0.0
Very good,google_play,5,2026-02-23 13:57:46,positive,0.4927,Other,0.0
good,google_play,5,2026-02-22 13:57:23,positive,0.4404,Other,0.0
It work good,google_play,5,2026-02-21 13:57:17,positive,0.4404,Other,0.0
mast,google_play,5,2026-02-20 13:57:10,neutral,0.0,Other,0.0
good 100% use,google_play,5,2026-02-19 13:57:08,positive,0.4404,Other,0.0
good,google_play,5,2026-02-18 13:57:05,positive,0.4404,Other,0.0
nice üôÇ,google_play,5,2026-02-17 13:56:37,positive,0.4215,Other,0.0
It is where you chat and video chat with you friend from far distance,google_play,5,2026-02-23 13:56:22,positive,0.4939,Other,0.0
very very good,google_play,5,2026-02-22 13:56:18,positive,0.5379,Other,0.0
ü§ó,google_play,5,2026-02-21 13:56:11,neutral,0.0,Other,0.0
ok,google_play,3,2026-02-20 13:56:02,positive,0.296,Other,0.0
ü•∞ü•∞,google_play,5,2026-02-19 13:55:51,neutral,0.0,Other,0.0
the best,google_play,4,2026-02-18 13:55:20,positive,0.6369,Other,0.0
WhatsApp is an indispensable tool in the social media outreach nowadays. keep improving.,google_play,5,2026-02-17 13:55:18,positive,0.5994,Other,0.0
pretty useful,google_play,5,2026-02-23 13:55:16,positive,0.7269,Other,0.0
nice,google_play,5,2026-02-22 13:55:13,positive,0.4215,Other,0.0
I am still seeing not official WhatsApp you guys should better result this issue I'm not getting you guys anything,google_play,1,2026-02-21 13:55:07,positive,0.4404,Bug,0.0
good,google_play,1,2026-02-20 13:55:02,positive,0.4404,Other,0.0
good,google_play,5,2026-02-19 13:54:56,positive,0.4404,Other,0.0
it easy to use,google_play,4,2026-02-18 13:54:48,positive,0.4404,Other,0.0
feeling better üòå,google_play,4,2026-02-17 13:54:45,positive,0.5267,Other,0.0
"it is a very good app and I love many things about it ,like it doesn't waste data easily with Data saving vedio calls Mosley the vedio editing with it's standard voice recording",google_play,5,2026-02-23 13:54:41,positive,0.8804,Other,0.0
"How is this marked pegi 3? Children have acces to an entire library of uncensored music for status updates, they can send and receive pornographic materials, follow channels where posts are not regulated in any way. This app should not be used without adult supervision.",google_play,3,2026-02-22 13:54:39,neutral,0.0,Other,0.0
nice,google_play,5,2026-02-21 13:54:34,positive,0.4215,Other,0.0
I like it,google_play,5,2026-02-20 13:54:28,positive,0.3612,Other,0.0
great!,google_play,5,2026-02-19 13:54:27,positive,0.6249,Other,0.0
terbaik,google_play,5,2026-02-18 13:54:15,neutral,0.0,Other,0.0
audio speed changer must be required in whatsApp not only in voice notes,google_play,1,2026-02-17 13:53:56,neutral,0.0,Performance,0.0
risk is better than regret,google_play,5,2026-02-23 13:53:51,negative,-0.25,Other,2809.33
nice,google_play,5,2026-02-22 13:53:32,positive,0.4215,Other,0.0
my whatsapp was not working it's showing account is not available,google_play,1,2026-02-21 13:53:18,neutral,0.0,Bug,0.0
üëå,google_play,5,2026-02-20 13:53:11,neutral,0.0,Other,0.0
good üëç,google_play,5,2026-02-19 13:53:00,positive,0.4404,Other,0.0
"The most popular messaging application, growing in line with current trends. Highly useful for both personal and business use.",google_play,5,2026-02-18 13:52:58,positive,0.7897,Other,0.0
its great to use,google_play,5,2026-02-17 13:52:50,positive,0.6249,Other,0.0
good,google_play,5,2026-02-23 13:52:34,positive,0.4404,Other,0.0
good üëç,google_play,5,2026-02-22 13:52:34,positive,0.4404,Other,0.0
my best app,google_play,5,2026-02-21 13:52:30,positive,0.6369,Other,0.0
good,google_play,5,2026-02-20 13:52:02,positive,0.4404,Other,0.0
üôèüôèüôèüôè,google_play,1,2026-02-19 13:51:56,neutral,0.0,Other,0.0
good,google_play,3,2026-02-18 13:51:49,positive,0.4404,Other,0.0
perfect in all,google_play,5,2026-02-17 13:51:46,positive,0.5719,Other,0.0
Perfect,google_play,5,2026-02-23 13:51:40,positive,0.5719,Other,0.0
good,google_play,5,2026-02-22 13:51:06,positive,0.4404,Other,0.0
"secured, fast, reliable and simple. I recommend it as the best messaging app ever.",google_play,5,2026-02-21 13:50:40,positive,0.8555,Performance,0.0
excellent,google_play,5,2026-02-20 13:50:35,positive,0.5719,Other,0.0
It's my best app so far chat are encrypted and secured so nice üî•,google_play,5,2026-02-19 13:50:23,positive,0.8889,Other,0.0
magnificent,google_play,5,2026-02-18 13:50:13,positive,0.5994,Other,0.0
alhamdulillah,google_play,5,2026-02-17 13:50:03,neutral,0.0,Other,0.0
ok,google_play,2,2026-02-23 13:49:59,positive,0.296,Other,0.0
best,google_play,5,2026-02-22 13:49:43,positive,0.6369,Other,0.0
amazing,google_play,5,2026-02-21 13:49:40,positive,0.5859,Other,0.0
please improve music list because limited song and searching not every song,google_play,4,2026-02-20 13:49:38,positive,0.5106,Other,0.0
good,google_play,1,2026-02-19 13:49:35,positive,0.4404,Other,0.0
awesome,google_play,5,2026-02-18 13:49:19,positive,0.6249,Other,0.0
no need for review ‚ú®Ô∏è‚ú®Ô∏è‚ú®Ô∏è,google_play,5,2026-02-17 13:49:17,negative,-0.296,Feature Request,87.15
good,google_play,5,2026-02-23 13:49:15,positive,0.4404,Other,0.0
it's getting me informed about everything,google_play,5,2026-02-22 13:49:12,neutral,0.0,Other,0.0
after some days messages doesnot come from other side. when i re install then it work properly three to four days and then same problem come.,google_play,1,2026-02-21 13:49:05,negative,-0.4019,Bug,97.94
very bad aap don't download this app,google_play,1,2026-02-20 13:49:02,negative,-0.5849,Other,2830.55
‡¶ì‡¶á‡¶ø‡¶¶‡ßÅ‡¶≤,google_play,1,2026-02-19 13:49:00,neutral,0.0,Other,0.0
excellent app,google_play,5,2026-02-18 13:48:54,positive,0.5719,Other,0.0
good,google_play,5,2026-02-17 13:48:49,positive,0.4404,Other,0.0
very fantastic,google_play,5,2026-02-23 13:48:45,positive,0.5984,Other,0.0
nice,google_play,1,2026-02-22 13:48:39,positive,0.4215,Other,0.0
nic,google_play,5,2026-02-21 13:48:38,neutral,0.0,Other,0.0
it works perfectly,google_play,4,2026-02-20 13:48:30,positive,0.6369,Other,0.0
My absolute best app..üíã,google_play,5,2026-02-19 13:48:28,positive,0.6369,Other,0.0
good üëç,google_play,5,2026-02-18 13:48:09,positive,0.4404,Other,0.0
very good üëçüíØ,google_play,5,2026-02-17 13:48:08,positive,0.4927,Other,0.0
very good,google_play,1,2026-02-23 13:48:07,positive,0.4927,Other,0.0
best üëå üëç,google_play,5,2026-02-22 13:48:04,positive,0.6369,Other,0.0
"Great app, video calls not the best",google_play,4,2026-02-21 13:47:59,positive,0.1857,Other,0.0
oho kya baat hai,google_play,5,2026-02-20 13:47:42,neutral,0.0,Other,0.0
excellent,google_play,5,2026-02-19 13:47:38,positive,0.5719,Other,0.0
great app,google_play,5,2026-02-18 13:47:38,positive,0.6249,Other,0.0
I really appreciate you ‚ù§Ô∏è,google_play,5,2026-02-17 13:47:28,positive,0.4576,Other,0.0
great app.,google_play,5,2026-02-23 13:47:06,positive,0.6249,Other,0.0
good,google_play,5,2026-02-22 13:47:06,positive,0.4404,Other,0.0
wonderful üòòüòä,google_play,5,2026-02-21 13:47:02,positive,0.5719,Other,0.0
very very nice üëçüèªüëç,google_play,5,2026-02-20 13:47:02,positive,0.5222,Other,0.0
hay,google_play,5,2026-02-19 13:46:55,neutral,0.0,Other,0.0
zaberdast app in the world üåç,google_play,5,2026-02-18 13:46:39,neutral,0.0,Other,0.0
well,google_play,5,2026-02-17 13:46:38,positive,0.2732,Other,0.0
it's a good app and many people use it but there is a small internet issue üòï,google_play,4,2026-02-23 13:46:35,positive,0.2382,Bug,0.0
well done,google_play,5,2026-02-22 13:46:28,positive,0.2732,Other,0.0
Good,google_play,5,2026-02-21 13:45:59,positive,0.4404,Other,0.0
very good,google_play,5,2026-02-20 13:45:58,positive,0.4927,Other,0.0
good,google_play,1,2026-02-19 13:45:55,positive,0.4404,Other,0.0
nice application,google_play,5,2026-02-18 13:45:55,positive,0.4215,Other,0.0
super,google_play,5,2026-02-17 13:45:54,positive,0.5994,Other,0.0
Very good üëå üëç,google_play,5,2026-02-23 13:45:44,positive,0.4927,Other,0.0
this app is awesome,google_play,5,2026-02-22 13:45:37,positive,0.6249,Other,0.0
Good,google_play,5,2026-02-21 13:45:29,positive,0.4404,Other,0.0
Nice app,google_play,5,2026-02-20 13:45:21,positive,0.4215,Other,0.0
i love what'sapp,google_play,5,2026-02-19 13:45:15,positive,0.6369,Other,0.0
At par excellence,google_play,5,2026-02-18 13:45:05,positive,0.6249,Other,0.0
Stop censoring profile and that members tag is very irrelevant and it is Phishing and invasion of privacy. Thanks,google_play,1,2026-02-17 13:44:46,positive,0.1779,Other,0.0
this application the best application,google_play,5,2026-02-23 13:44:28,positive,0.6369,Other,0.0
ok,google_play,5,2026-02-22 13:44:14,positive,0.296,Other,0.0
Great app,google_play,5,2026-02-21 13:44:08,positive,0.6249,Other,0.0
fantastic,google_play,5,2026-02-20 13:44:07,positive,0.5574,Other,0.0
its cool,google_play,4,2026-02-19 13:43:55,positive,0.3182,Other,0.0
best app ever,google_play,5,2026-02-18 13:43:31,positive,0.6369,Other,0.0
love this app,google_play,5,2026-02-17 13:43:24,positive,0.6369,Other,0.0
üò≥,google_play,5,2026-02-23 13:43:24,neutral,0.0,Other,0.0
super App,google_play,4,2026-02-22 13:43:15,positive,0.5994,Other,0.0
üëç,google_play,5,2026-02-21 13:43:12,neutral,0.0,Other,0.0
why am I seeing statuses of people that are not my contact?,google_play,1,2026-02-20 13:42:46,neutral,0.0,Other,0.0
good,google_play,5,2026-02-19 13:42:43,positive,0.4404,Other,0.0
very good,google_play,5,2026-02-18 13:42:38,positive,0.4927,Other,0.0
it's great and educative,google_play,5,2026-02-17 13:42:31,positive,0.6249,Other,0.0
good,google_play,5,2026-02-23 13:42:29,positive,0.4404,Other,0.0
impressive üòç,google_play,5,2026-02-22 13:42:24,positive,0.5106,Other,0.0
you guys are doing a good job üëçüëç,google_play,5,2026-02-21 13:42:24,positive,0.4404,Other,0.0
good app,google_play,5,2026-02-20 13:42:08,positive,0.4404,Other,0.0
ok,google_play,3,2026-02-19 13:41:59,positive,0.296,Other,0.0
very good app,google_play,5,2026-02-18 13:41:59,positive,0.4927,Other,0.0
very nice üëç,google_play,5,2026-02-17 13:41:44,positive,0.4754,Other,0.0
I like what's app,google_play,5,2026-02-23 13:41:35,positive,0.3612,Other,0.0
pretty user friendly and I like the updates.,google_play,4,2026-02-22 13:41:32,positive,0.836,Other,0.0
very good,google_play,5,2026-02-21 13:41:23,positive,0.4927,Other,0.0
"My experience with this app has always been excellent, there are regular updates making the app more user friendly with each update as well as it is perfect app for communication in both work and personal life. With a strong connection the calls are clear, instant message delivery and overall the experience is smooth.",google_play,5,2026-02-20 13:41:11,positive,0.9576,Other,0.0
has worked well for as long as I remember,google_play,5,2026-02-19 13:41:07,positive,0.2732,Other,0.0
great,google_play,5,2026-02-18 13:40:46,positive,0.6249,Other,0.0
excellent,google_play,5,2026-02-17 13:40:43,positive,0.5719,Other,0.0
nice,google_play,5,2026-02-23 13:40:31,positive,0.4215,Other,0.0
great messaging app,google_play,5,2026-02-22 13:40:21,positive,0.6249,Other,0.0
excellent service,google_play,5,2026-02-21 13:40:16,positive,0.5719,Other,0.0
ok,google_play,3,2026-02-20 13:40:12,positive,0.296,Other,0.0
thank you,google_play,5,2026-02-19 13:40:11,positive,0.3612,Other,0.0
üëç,google_play,5,2026-02-18 13:40:09,neutral,0.0,Other,0.0
good üòä,google_play,5,2026-02-17 13:40:02,positive,0.4404,Other,0.0
VERY Good.,google_play,5,2026-02-23 13:39:46,positive,0.4927,Other,0.0
very nice app üëç,google_play,5,2026-02-22 13:39:44,positive,0.4754,Other,0.0
Excellent app.,google_play,5,2026-02-21 13:39:34,positive,0.5719,Other,0.0
my whatsapp blocked..how to unblock my WhatsApp account..plz support,google_play,1,2026-02-20 13:39:24,positive,0.4019,Other,0.0
fix the problem of login out people it's so destructive and annoying,google_play,1,2026-02-19 13:39:22,negative,-0.8952,Bug,128.68
wonderful,google_play,5,2026-02-18 13:39:15,positive,0.5719,Other,0.0
"It is used for messaging,communication",google_play,5,2026-02-17 13:39:12,neutral,0.0,Other,0.0
good,google_play,5,2026-02-23 13:39:06,positive,0.4404,Other,0.0
good,google_play,5,2026-02-22 13:38:57,positive,0.4404,Other,0.0
wonderful app,google_play,5,2026-02-21 13:38:44,positive,0.5719,Other,0.0
good,google_play,5,2026-02-20 13:38:41,positive,0.4404,Other,0.0
nice,google_play,5,2026-02-19 13:38:27,positive,0.4215,Other,0.0
good,google_play,5,2026-02-18 13:37:51,positive,0.4404,Other,0.0
excellent,google_play,5,2026-02-17 13:37:51,positive,0.5719,Other,0.0
super,google_play,3,2026-02-23 13:37:41,positive,0.5994,Other,0.0
it very easy and fun faster,google_play,5,2026-02-22 13:37:33,positive,0.7755,Performance,0.0
excellent service,google_play,5,2026-02-21 13:37:23,positive,0.5719,Other,0.0
good,google_play,5,2026-02-20 13:37:20,positive,0.4404,Other,0.0
great üëå easy communication,google_play,5,2026-02-19 13:37:14,positive,0.7906,Other,0.0
üòä Good üëç,google_play,5,2026-02-18 13:36:58,positive,0.4404,Other,0.0
Very nice app,google_play,5,2026-02-17 13:36:31,positive,0.4754,Other,0.0
Good,google_play,5,2026-02-23 13:36:17,positive,0.4404,Other,0.0
it's work,google_play,3,2026-02-22 13:36:15,neutral,0.0,Other,0.0
best üëå,google_play,4,2026-02-21 13:36:10,positive,0.6369,Other,0.0
very best,google_play,5,2026-02-20 13:36:04,positive,0.6697,Other,0.0
So far so good,google_play,3,2026-02-19 13:36:01,positive,0.6213,Other,0.0
üòÉ,google_play,5,2026-02-18 13:35:50,neutral,0.0,Other,0.0
lack other things but on the other phone they are there,google_play,2,2026-02-17 13:35:50,negative,-0.1655,Other,2800.15
simpli,google_play,3,2026-02-23 13:35:46,neutral,0.0,Other,0.0
good,google_play,5,2026-02-22 13:35:43,positive,0.4404,Other,0.0
good app and easy to use,google_play,5,2026-02-21 13:35:40,positive,0.7003,Other,0.0
easy to chat in group,google_play,4,2026-02-20 13:35:27,positive,0.4404,Other,0.0
"I think it's high time WhatsApp looks into the Call schedule since it has become a place where groups meet. Let there be a room where a group call can be scheduled and how long such group calls are expected to last , be determined...",google_play,4,2026-02-19 13:35:22,positive,0.34,UI/UX,0.0
I love it here,google_play,5,2026-02-18 13:35:09,positive,0.6369,Other,0.0
nice,google_play,5,2026-02-17 13:34:55,positive,0.4215,Other,0.0
good,google_play,5,2026-02-23 13:34:25,positive,0.4404,Other,0.0
good,google_play,5,2026-02-22 13:34:11,positive,0.4404,Other,0.0
excellent service,google_play,5,2026-02-21 13:34:11,positive,0.5719,Other,0.0
good,google_play,5,2026-02-20 13:34:10,positive,0.4404,Other,0.0
best,google_play,5,2026-02-19 13:34:09,positive,0.6369,Other,0.0
I'm trying to call but my calls can't go through,google_play,1,2026-02-18 13:34:01,neutral,0.0,Other,0.0
it's good üëç,google_play,5,2026-02-17 13:33:53,positive,0.4404,Other,0.0
nice,google_play,5,2026-02-23 13:33:53,positive,0.4215,Other,0.0
"Thank you, it's okay.",google_play,5,2026-02-22 13:33:41,positive,0.5267,Other,0.0
i like,google_play,5,2026-02-21 13:33:40,positive,0.3612,Other,0.0
good üëç,google_play,4,2026-02-20 13:33:30,positive,0.4404,Other,0.0
nice,google_play,5,2026-02-19 13:33:19,positive,0.4215,Other,0.0
good,google_play,2,2026-02-18 13:33:18,positive,0.4404,Other,0.0
good,google_play,5,2026-02-17 13:33:12,positive,0.4404,Other,0.0
good üëç,google_play,4,2026-02-23 13:33:09,positive,0.4404,Other,0.0
good,google_play,5,2026-02-22 13:33:08,positive,0.4404,Other,0.0
good,google_play,1,2026-02-21 13:33:07,positive,0.4404,Other,0.0
very good,google_play,5,2026-02-20 13:32:59,positive,0.4927,Other,0.0
good for any msg and call others details,google_play,5,2026-02-19 13:32:56,positive,0.4404,Other,0.0
good,google_play,5,2026-02-18 13:32:42,positive,0.4404,Other,0.0
nice,google_play,5,2026-02-17 13:32:27,positive,0.4215,Other,0.0
good üëç,google_play,5,2026-02-23 13:32:27,positive,0.4404,Other,0.0
ok,google_play,5,2026-02-22 13:32:19,positive,0.296,Other,0.0
nice and grate,google_play,5,2026-02-21 13:32:17,positive,0.4215,Other,0.0
best hai WhatsApp mujhe bhoot pasand hai,google_play,5,2026-02-20 13:32:12,positive,0.6369,Other,0.0
good,google_play,5,2026-02-19 13:32:03,positive,0.4404,Other,0.0
it's very useful,google_play,5,2026-02-18 13:31:59,positive,0.4927,Other,0.0
very nice,google_play,5,2026-02-17 13:31:58,positive,0.4754,Other,0.0
nice and communicated,google_play,3,2026-02-23 13:31:55,positive,0.4215,Other,0.0
wow so beautiful üòç,google_play,5,2026-02-22 13:31:54,positive,0.8399,UI/UX,0.0
Good,google_play,5,2026-02-21 13:31:43,positive,0.4404,Other,0.0
Whatsapp is so so great,google_play,5,2026-02-20 13:31:30,positive,0.7642,Other,0.0
nice,google_play,5,2026-02-19 13:31:18,positive,0.4215,Other,0.0
good,google_play,3,2026-02-18 13:31:00,positive,0.4404,Other,0.0
bahut accha aap h,google_play,4,2026-02-17 13:30:58,neutral,0.0,Other,0.0
"This is a great platform for all, but one thing is it does not allowed sharing large files. So I suggest if something can be done on that. Thanks.",google_play,5,2026-02-23 13:30:57,positive,0.5271,Other,0.0
good app,google_play,5,2026-02-22 13:30:53,positive,0.4404,Other,0.0
cool üòé,google_play,5,2026-02-21 13:30:52,positive,0.3182,Other,0.0
nice üëç,google_play,5,2026-02-20 13:30:51,positive,0.4215,Other,0.0
good üëç,google_play,5,2026-02-19 13:30:39,positive,0.4404,Other,0.0
wow this WhatsApp is so nice,google_play,5,2026-02-18 13:30:27,positive,0.8134,Other,0.0
very good service,google_play,5,2026-02-17 13:30:18,positive,0.4927,Other,0.0
good,google_play,5,2026-02-23 13:30:16,positive,0.4404,Other,0.0
very gd platform,google_play,4,2026-02-22 13:29:51,neutral,0.0,Other,0.0
the best,google_play,5,2026-02-21 13:29:31,positive,0.6369,Other,0.0
good üòäüëçüèª,google_play,5,2026-02-20 13:29:25,positive,0.4404,Other,0.0
Nice,google_play,5,2026-02-19 13:29:06,positive,0.4215,Other,0.0
good app,google_play,4,2026-02-18 13:28:57,positive,0.4404,Other,0.0
üå∑ Tuli üå∑ü•∞,google_play,1,2026-02-17 13:28:33,neutral,0.0,Other,0.0
good,google_play,5,2026-02-23 13:28:33,positive,0.4404,Other,0.0
Just give me back my WhatsApp number please.,google_play,5,2026-02-22 13:28:18,positive,0.3818,Other,0.0
Nice,google_play,5,2026-02-21 13:28:15,positive,0.4215,Other,0.0
good,google_play,4,2026-02-20 13:28:11,positive,0.4404,Other,0.0
Is this lizard being real rn. Where's the damn code?,google_play,1,2026-02-19 13:28:08,negative,-0.4019,Other,2816.79
very good,google_play,5,2026-02-18 13:28:01,positive,0.4927,Other,0.0
it really amazing having this,google_play,5,2026-02-17 13:27:59,positive,0.624,Other,0.0
good,google_play,5,2026-02-23 13:27:47,positive,0.4404,Other,0.0
üòîüòî,google_play,5,2026-02-22 13:27:45,neutral,0.0,Other,0.0
Why I'm not able to transfer chats from my existing android to new Iphone (set up completed) through transfer chat option in the application,google_play,2,2026-02-21 13:27:45,neutral,0.0,Other,0.0
Good,google_play,3,2026-02-20 13:27:45,positive,0.4404,Other,0.0
volume was low,google_play,3,2026-02-19 13:27:42,negative,-0.2732,Other,2808.21
Manish Kumar Nice‚ù§‚ù§,google_play,5,2026-02-18 13:27:40,neutral,0.0,Other,0.0
wow üò≤,google_play,5,2026-02-17 13:27:39,positive,0.5859,Other,0.0
Thanks Very much,google_play,5,2026-02-23 13:27:34,positive,0.4404,Other,0.0
good,google_play,5,2026-02-22 13:27:25,positive,0.4404,Other,0.0
This What'sapp Only vary Good app.,google_play,5,2026-02-21 13:27:21,positive,0.4404,Other,0.0
not excellent in greater noida at my current location,google_play,3,2026-02-20 13:27:15,negative,-0.6259,Other,2833.4
Best option for Communication in World,google_play,5,2026-02-19 13:27:06,positive,0.6369,Other,0.0
bad,google_play,2,2026-02-18 13:26:49,negative,-0.5423,Other,2824.71
Nice app,google_play,4,2026-02-17 13:26:28,positive,0.4215,Other,0.0
bestest app,google_play,5,2026-02-23 13:26:24,neutral,0.0,Other,0.0
my favorite app,google_play,4,2026-02-22 13:26:16,positive,0.4588,Other,0.0
good,google_play,5,2026-02-21 13:26:12,positive,0.4404,Other,0.0
goodüëç,google_play,5,2026-02-20 13:26:09,neutral,0.0,Other,0.0
the best üëå,google_play,5,2026-02-19 13:26:08,positive,0.6369,Other,0.0
good,google_play,5,2026-02-18 13:25:56,positive,0.4404,Other,0.0
good,google_play,5,2026-02-17 13:25:55,positive,0.4404,Other,0.0
its so good as i talk with everyone with no problems ..,google_play,5,2026-02-23 13:25:49,negative,-0.1796,Bug,82.89
excellent app,google_play,5,2026-02-22 13:25:26,positive,0.5719,Other,0.0
good,google_play,5,2026-02-21 13:25:18,positive,0.4404,Other,0.0
perfect,google_play,5,2026-02-20 13:25:09,positive,0.5719,Other,0.0
ok,google_play,3,2026-02-19 13:25:06,positive,0.296,Other,0.0
Whatsapp is really nice üëçüëçüëç,google_play,5,2026-02-18 13:25:04,positive,0.4754,Other,0.0
satisfactory,google_play,5,2026-02-17 13:25:02,positive,0.3612,Other,0.0
Good üòä,google_play,5,2026-02-23 13:24:51,positive,0.4404,Other,0.0
Not even good because of spams,google_play,1,2026-02-22 13:24:50,negative,-0.3412,Other,2815.48
it's a very reliable web,google_play,5,2026-02-21 13:24:38,neutral,0.0,Other,0.0
nice,google_play,5,2026-02-20 13:24:35,positive,0.4215,Other,0.0
Hi need help to update my whatsapp please,google_play,5,2026-02-19 13:24:24,positive,0.6124,Feature Request,0.0
it's really amazing,google_play,5,2026-02-18 13:24:19,positive,0.624,Other,0.0
